Tag Name,Address,Data Type,Respect Data Type,Client Access,Scan Rate,Scaling,Raw Low,Raw High,Scaled Low,Scaled High,Scaled Data Type,Clamp Low,Clamp High,Eng Units,Description,Negate Value
AS-TBN37-1,"SINE (10, 0.000000, 10.000000, 0.050000, 180)",Float,1,RO,100,,,,,,,,,,Turbine1-1,
AS-TBN37-100,"SINE (10, 0.000000, 10.000000, 0.050000, 180)",Float,1,RO,100,,,,,,,,,,Turbine1-10,
AS-TBN37-99,"SINE (10, 0.000000, 10.000000, 0.050000, 180)",Float,1,RO,100,,,,,,,,,,Turbine1-9,
AS-TBN37-98,"SINE (10, 0.000000, 10.000000, 0.050000, 180)",Float,1,RO,100,,,,,,,,,,Turbine1-8,
AS-TBN37-97,"SINE (10, 0.000000, 10.000000, 0.050000, 180)",Float,1,RO,100,,,,,,,,,,Turbine1-7,
AS-TBN37-96,"SINE (10, 0.000000, 10.000000, 0.050000, 180)",Float,1,RO,100,,,,,,,,,,Turbine1-6,
AS-TBN37-95,"SINE (10, 0.000000, 10.000000, 0.050000, 180)",Float,1,RO,100,,,,,,,,,,Turbine1-5,
AS-TBN37-94,"SINE (10, 0.000000, 10.000000, 0.050000, 180)",Float,1,RO,100,,,,,,,,,,Turbine1-4,
AS-TBN37-93,"SINE (10, 0.000000, 10.000000, 0.050000, 180)",Float,1,RO,100,,,,,,,,,,Turbine1-3,
AS-TBN37-92,"SINE (10, 0.000000, 10.000000, 0.050000, 180)",Float,1,RO,100,,,,,,,,,,Turbine1-2,
AS-TBN37-91,"SINE (10, 0.000000, 10.000000, 0.050000, 180)",Float,1,RO,100,,,,,,,,,,Turbine10-1,
AS-TBN37-90,"SINE (10, 0.000000, 10.000000, 0.050000, 180)",Float,1,RO,100,,,,,,,,,,Turbine10-10,
AS-TBN37-89,"SINE (10, 0.000000, 10.000000, 0.050000, 180)",Float,1,RO,100,,,,,,,,,,Turbine10-9,
AS-TBN37-88,"SINE (10, 0.000000, 10.000000, 0.050000, 180)",Float,1,RO,100,,,,,,,,,,Turbine10-8,
AS-TBN37-87,"SINE (10, 0.000000, 10.000000, 0.050000, 180)",Float,1,RO,100,,,,,,,,,,Turbine10-7,
AS-TBN37-86,"SINE (10, 0.000000, 10.000000, 0.050000, 180)",Float,1,RO,100,,,,,,,,,,Turbine10-6,
AS-TBN37-85,"SINE (10, 0.000000, 10.000000, 0.050000, 180)",Float,1,RO,100,,,,,,,,,,Turbine10-5,
AS-TBN37-84,"SINE (10, 0.000000, 10.000000, 0.050000, 180)",Float,1,RO,100,,,,,,,,,,Turbine10-4,
AS-TBN37-83,"SINE (10, 0.000000, 10.000000, 0.050000, 180)",Float,1,RO,100,,,,,,,,,,Turbine10-3,
AS-TBN37-82,"SINE (10, 0.000000, 10.000000, 0.050000, 180)",Float,1,RO,100,,,,,,,,,,Turbine10-2,
AS-TBN37-81,"SINE (10, 0.000000, 10.000000, 0.050000, 180)",Float,1,RO,100,,,,,,,,,,Turbine100-1,
AS-TBN37-80,"SINE (10, 0.000000, 10.000000, 0.050000, 180)",Float,1,RO,100,,,,,,,,,,Turbine100-10,
AS-TBN37-79,"SINE (10, 0.000000, 10.000000, 0.050000, 180)",Float,1,RO,100,,,,,,,,,,Turbine100-9,
AS-TBN37-78,"SINE (10, 0.000000, 10.000000, 0.050000, 180)",Float,1,RO,100,,,,,,,,,,Turbine100-8,
AS-TBN37-77,"SINE (10, 0.000000, 10.000000, 0.050000, 180)",Float,1,RO,100,,,,,,,,,,Turbine100-7,
AS-TBN37-76,"SINE (10, 0.000000, 10.000000, 0.050000, 180)",Float,1,RO,100,,,,,,,,,,Turbine100-6,
AS-TBN37-75,"SINE (10, 0.000000, 10.000000, 0.050000, 180)",Float,1,RO,100,,,,,,,,,,Turbine100-5,
AS-TBN37-74,"SINE (10, 0.000000, 10.000000, 0.050000, 180)",Float,1,RO,100,,,,,,,,,,Turbine100-4,
AS-TBN37-73,"SINE (10, 0.000000, 10.000000, 0.050000, 180)",Float,1,RO,100,,,,,,,,,,Turbine100-3,
AS-TBN37-72,"SINE (10, 0.000000, 10.000000, 0.050000, 180)",Float,1,RO,100,,,,,,,,,,Turbine100-2,
AS-TBN37-71,"SINE (10, 0.000000, 10.000000, 0.050000, 180)",Float,1,RO,100,,,,,,,,,,Turbine11-1,
AS-TBN37-70,"SINE (10, 0.000000, 10.000000, 0.050000, 180)",Float,1,RO,100,,,,,,,,,,Turbine11-10,
AS-TBN37-69,"SINE (10, 0.000000, 10.000000, 0.050000, 180)",Float,1,RO,100,,,,,,,,,,Turbine11-9,
AS-TBN37-68,"SINE (10, 0.000000, 10.000000, 0.050000, 180)",Float,1,RO,100,,,,,,,,,,Turbine11-8,
AS-TBN37-67,"SINE (10, 0.000000, 10.000000, 0.050000, 180)",Float,1,RO,100,,,,,,,,,,Turbine11-7,
AS-TBN37-66,"SINE (10, 0.000000, 10.000000, 0.050000, 180)",Float,1,RO,100,,,,,,,,,,Turbine11-6,
AS-TBN37-65,"SINE (10, 0.000000, 10.000000, 0.050000, 180)",Float,1,RO,100,,,,,,,,,,Turbine11-5,
AS-TBN37-64,"SINE (10, 0.000000, 10.000000, 0.050000, 180)",Float,1,RO,100,,,,,,,,,,Turbine11-4,
AS-TBN37-63,"SINE (10, 0.000000, 10.000000, 0.050000, 180)",Float,1,RO,100,,,,,,,,,,Turbine11-3,
AS-TBN37-62,"SINE (10, 0.000000, 10.000000, 0.050000, 180)",Float,1,RO,100,,,,,,,,,,Turbine11-2,
AS-TBN37-61,"SINE (10, 0.000000, 10.000000, 0.050000, 180)",Float,1,RO,100,,,,,,,,,,Turbine12-1,
AS-TBN37-60,"SINE (10, 0.000000, 10.000000, 0.050000, 180)",Float,1,RO,100,,,,,,,,,,Turbine12-10,
AS-TBN37-59,"SINE (10, 0.000000, 10.000000, 0.050000, 180)",Float,1,RO,100,,,,,,,,,,Turbine12-9,
AS-TBN37-58,"SINE (10, 0.000000, 10.000000, 0.050000, 180)",Float,1,RO,100,,,,,,,,,,Turbine12-8,
AS-TBN37-57,"SINE (10, 0.000000, 10.000000, 0.050000, 180)",Float,1,RO,100,,,,,,,,,,Turbine12-7,
AS-TBN37-56,"SINE (10, 0.000000, 10.000000, 0.050000, 180)",Float,1,RO,100,,,,,,,,,,Turbine12-6,
AS-TBN37-55,"SINE (10, 0.000000, 10.000000, 0.050000, 180)",Float,1,RO,100,,,,,,,,,,Turbine12-5,
AS-TBN37-54,"SINE (10, 0.000000, 10.000000, 0.050000, 180)",Float,1,RO,100,,,,,,,,,,Turbine12-4,
AS-TBN37-53,"SINE (10, 0.000000, 10.000000, 0.050000, 180)",Float,1,RO,100,,,,,,,,,,Turbine12-3,
AS-TBN37-52,"SINE (10, 0.000000, 10.000000, 0.050000, 180)",Float,1,RO,100,,,,,,,,,,Turbine12-2,
AS-TBN37-51,"SINE (10, 0.000000, 10.000000, 0.050000, 180)",Float,1,RO,100,,,,,,,,,,Turbine13-1,
AS-TBN37-50,"SINE (10, 0.000000, 10.000000, 0.050000, 180)",Float,1,RO,100,,,,,,,,,,Turbine13-10,
AS-TBN37-49,"SINE (10, 0.000000, 10.000000, 0.050000, 180)",Float,1,RO,100,,,,,,,,,,Turbine13-9,
AS-TBN37-48,"SINE (10, 0.000000, 10.000000, 0.050000, 180)",Float,1,RO,100,,,,,,,,,,Turbine13-8,
AS-TBN37-47,"SINE (10, 0.000000, 10.000000, 0.050000, 180)",Float,1,RO,100,,,,,,,,,,Turbine13-7,
AS-TBN37-46,"SINE (10, 0.000000, 10.000000, 0.050000, 180)",Float,1,RO,100,,,,,,,,,,Turbine13-6,
AS-TBN37-45,"SINE (10, 0.000000, 10.000000, 0.050000, 180)",Float,1,RO,100,,,,,,,,,,Turbine13-5,
AS-TBN37-44,"SINE (10, 0.000000, 10.000000, 0.050000, 180)",Float,1,RO,100,,,,,,,,,,Turbine13-4,
AS-TBN37-43,"SINE (10, 0.000000, 10.000000, 0.050000, 180)",Float,1,RO,100,,,,,,,,,,Turbine13-3,
AS-TBN37-42,"SINE (10, 0.000000, 10.000000, 0.050000, 180)",Float,1,RO,100,,,,,,,,,,Turbine13-2,
AS-TBN37-41,"SINE (10, 0.000000, 10.000000, 0.050000, 180)",Float,1,RO,100,,,,,,,,,,Turbine14-1,
AS-TBN37-40,"SINE (10, 0.000000, 10.000000, 0.050000, 180)",Float,1,RO,100,,,,,,,,,,Turbine14-10,
AS-TBN37-39,"SINE (10, 0.000000, 10.000000, 0.050000, 180)",Float,1,RO,100,,,,,,,,,,Turbine14-9,
AS-TBN37-38,"SINE (10, 0.000000, 10.000000, 0.050000, 180)",Float,1,RO,100,,,,,,,,,,Turbine14-8,
AS-TBN37-37,"SINE (10, 0.000000, 10.000000, 0.050000, 180)",Float,1,RO,100,,,,,,,,,,Turbine14-7,
AS-TBN37-36,"SINE (10, 0.000000, 10.000000, 0.050000, 180)",Float,1,RO,100,,,,,,,,,,Turbine14-6,
AS-TBN37-35,"SINE (10, 0.000000, 10.000000, 0.050000, 180)",Float,1,RO,100,,,,,,,,,,Turbine14-5,
AS-TBN37-34,"SINE (10, 0.000000, 10.000000, 0.050000, 180)",Float,1,RO,100,,,,,,,,,,Turbine14-4,
AS-TBN37-33,"SINE (10, 0.000000, 10.000000, 0.050000, 180)",Float,1,RO,100,,,,,,,,,,Turbine14-3,
AS-TBN37-32,"SINE (10, 0.000000, 10.000000, 0.050000, 180)",Float,1,RO,100,,,,,,,,,,Turbine14-2,
AS-TBN37-31,"SINE (10, 0.000000, 10.000000, 0.050000, 180)",Float,1,RO,100,,,,,,,,,,Turbine15-1,
AS-TBN37-30,"SINE (10, 0.000000, 10.000000, 0.050000, 180)",Float,1,RO,100,,,,,,,,,,Turbine15-10,
AS-TBN37-29,"SINE (10, 0.000000, 10.000000, 0.050000, 180)",Float,1,RO,100,,,,,,,,,,Turbine15-9,
AS-TBN37-28,"SINE (10, 0.000000, 10.000000, 0.050000, 180)",Float,1,RO,100,,,,,,,,,,Turbine15-8,
AS-TBN37-27,"SINE (10, 0.000000, 10.000000, 0.050000, 180)",Float,1,RO,100,,,,,,,,,,Turbine15-7,
AS-TBN37-26,"SINE (10, 0.000000, 10.000000, 0.050000, 180)",Float,1,RO,100,,,,,,,,,,Turbine15-6,
AS-TBN37-25,"SINE (10, 0.000000, 10.000000, 0.050000, 180)",Float,1,RO,100,,,,,,,,,,Turbine15-5,
AS-TBN37-24,"SINE (10, 0.000000, 10.000000, 0.050000, 180)",Float,1,RO,100,,,,,,,,,,Turbine15-4,
AS-TBN37-23,"SINE (10, 0.000000, 10.000000, 0.050000, 180)",Float,1,RO,100,,,,,,,,,,Turbine15-3,
AS-TBN37-22,"SINE (10, 0.000000, 10.000000, 0.050000, 180)",Float,1,RO,100,,,,,,,,,,Turbine15-2,
AS-TBN37-21,"SINE (10, 0.000000, 10.000000, 0.050000, 180)",Float,1,RO,100,,,,,,,,,,Turbine16-1,
AS-TBN37-20,"SINE (10, 0.000000, 10.000000, 0.050000, 180)",Float,1,RO,100,,,,,,,,,,Turbine16-10,
AS-TBN37-19,"SINE (10, 0.000000, 10.000000, 0.050000, 180)",Float,1,RO,100,,,,,,,,,,Turbine16-9,
AS-TBN37-18,"SINE (10, 0.000000, 10.000000, 0.050000, 180)",Float,1,RO,100,,,,,,,,,,Turbine16-8,
AS-TBN37-17,"SINE (10, 0.000000, 10.000000, 0.050000, 180)",Float,1,RO,100,,,,,,,,,,Turbine16-7,
AS-TBN37-16,"SINE (10, 0.000000, 10.000000, 0.050000, 180)",Float,1,RO,100,,,,,,,,,,Turbine16-6,
AS-TBN37-15,"SINE (10, 0.000000, 10.000000, 0.050000, 180)",Float,1,RO,100,,,,,,,,,,Turbine16-5,
AS-TBN37-14,"SINE (10, 0.000000, 10.000000, 0.050000, 180)",Float,1,RO,100,,,,,,,,,,Turbine16-4,
AS-TBN37-13,"SINE (10, 0.000000, 10.000000, 0.050000, 180)",Float,1,RO,100,,,,,,,,,,Turbine16-3,
AS-TBN37-12,"SINE (10, 0.000000, 10.000000, 0.050000, 180)",Float,1,RO,100,,,,,,,,,,Turbine16-2,
AS-TBN37-11,"SINE (10, 0.000000, 10.000000, 0.050000, 180)",Float,1,RO,100,,,,,,,,,,Turbine17-1,
AS-TBN37-10,"SINE (10, 0.000000, 10.000000, 0.050000, 180)",Float,1,RO,100,,,,,,,,,,Turbine17-10,
AS-TBN37-9,"SINE (10, 0.000000, 10.000000, 0.050000, 180)",Float,1,RO,100,,,,,,,,,,Turbine17-9,
AS-TBN37-8,"SINE (10, 0.000000, 10.000000, 0.050000, 180)",Float,1,RO,100,,,,,,,,,,Turbine17-8,
AS-TBN37-7,"SINE (10, 0.000000, 10.000000, 0.050000, 180)",Float,1,RO,100,,,,,,,,,,Turbine17-7,
AS-TBN37-6,"SINE (10, 0.000000, 10.000000, 0.050000, 180)",Float,1,RO,100,,,,,,,,,,Turbine17-6,
AS-TBN37-5,"SINE (10, 0.000000, 10.000000, 0.050000, 180)",Float,1,RO,100,,,,,,,,,,Turbine17-5,
AS-TBN37-4,"SINE (10, 0.000000, 10.000000, 0.050000, 180)",Float,1,RO,100,,,,,,,,,,Turbine17-4,
AS-TBN37-3,"SINE (10, 0.000000, 10.000000, 0.050000, 180)",Float,1,RO,100,,,,,,,,,,Turbine17-3,
AS-TBN37-2,"SINE (10, 0.000000, 10.000000, 0.050000, 180)",Float,1,RO,100,,,,,,,,,,Turbine17-2,
AS-TBN38-1,"SINE (10, 0.000000, 10.000000, 0.050000, 180)",Float,1,RO,100,,,,,,,,,,Turbine18-1,
AS-TBN38-100,"SINE (10, 0.000000, 10.000000, 0.050000, 180)",Float,1,RO,100,,,,,,,,,,Turbine18-10,
AS-TBN38-99,"SINE (10, 0.000000, 10.000000, 0.050000, 180)",Float,1,RO,100,,,,,,,,,,Turbine18-9,
AS-TBN38-98,"SINE (10, 0.000000, 10.000000, 0.050000, 180)",Float,1,RO,100,,,,,,,,,,Turbine18-8,
AS-TBN38-97,"SINE (10, 0.000000, 10.000000, 0.050000, 180)",Float,1,RO,100,,,,,,,,,,Turbine18-7,
AS-TBN38-96,"SINE (10, 0.000000, 10.000000, 0.050000, 180)",Float,1,RO,100,,,,,,,,,,Turbine18-6,
AS-TBN38-95,"SINE (10, 0.000000, 10.000000, 0.050000, 180)",Float,1,RO,100,,,,,,,,,,Turbine18-5,
AS-TBN38-94,"SINE (10, 0.000000, 10.000000, 0.050000, 180)",Float,1,RO,100,,,,,,,,,,Turbine18-4,
AS-TBN38-93,"SINE (10, 0.000000, 10.000000, 0.050000, 180)",Float,1,RO,100,,,,,,,,,,Turbine18-3,
AS-TBN38-92,"SINE (10, 0.000000, 10.000000, 0.050000, 180)",Float,1,RO,100,,,,,,,,,,Turbine18-2,
AS-TBN38-91,"SINE (10, 0.000000, 10.000000, 0.050000, 180)",Float,1,RO,100,,,,,,,,,,Turbine19-1,
AS-TBN38-90,"SINE (10, 0.000000, 10.000000, 0.050000, 180)",Float,1,RO,100,,,,,,,,,,Turbine19-10,
AS-TBN38-89,"SINE (10, 0.000000, 10.000000, 0.050000, 180)",Float,1,RO,100,,,,,,,,,,Turbine19-9,
AS-TBN38-88,"SINE (10, 0.000000, 10.000000, 0.050000, 180)",Float,1,RO,100,,,,,,,,,,Turbine19-8,
AS-TBN38-87,"SINE (10, 0.000000, 10.000000, 0.050000, 180)",Float,1,RO,100,,,,,,,,,,Turbine19-7,
AS-TBN38-86,"SINE (10, 0.000000, 10.000000, 0.050000, 180)",Float,1,RO,100,,,,,,,,,,Turbine19-6,
AS-TBN38-85,"SINE (10, 0.000000, 10.000000, 0.050000, 180)",Float,1,RO,100,,,,,,,,,,Turbine19-5,
AS-TBN38-84,"SINE (10, 0.000000, 10.000000, 0.050000, 180)",Float,1,RO,100,,,,,,,,,,Turbine19-4,
AS-TBN38-83,"SINE (10, 0.000000, 10.000000, 0.050000, 180)",Float,1,RO,100,,,,,,,,,,Turbine19-3,
AS-TBN38-82,"SINE (10, 0.000000, 10.000000, 0.050000, 180)",Float,1,RO,100,,,,,,,,,,Turbine19-2,
AS-TBN38-81,"SINE (10, 0.000000, 10.000000, 0.050000, 180)",Float,1,RO,100,,,,,,,,,,Turbine2-1,
AS-TBN38-80,"SINE (10, 0.000000, 10.000000, 0.050000, 180)",Float,1,RO,100,,,,,,,,,,Turbine2-10,
AS-TBN38-79,"SINE (10, 0.000000, 10.000000, 0.050000, 180)",Float,1,RO,100,,,,,,,,,,Turbine2-9,
AS-TBN38-78,"SINE (10, 0.000000, 10.000000, 0.050000, 180)",Float,1,RO,100,,,,,,,,,,Turbine2-8,
AS-TBN38-77,"SINE (10, 0.000000, 10.000000, 0.050000, 180)",Float,1,RO,100,,,,,,,,,,Turbine2-7,
AS-TBN38-76,"SINE (10, 0.000000, 10.000000, 0.050000, 180)",Float,1,RO,100,,,,,,,,,,Turbine2-6,
AS-TBN38-75,"SINE (10, 0.000000, 10.000000, 0.050000, 180)",Float,1,RO,100,,,,,,,,,,Turbine2-5,
AS-TBN38-74,"SINE (10, 0.000000, 10.000000, 0.050000, 180)",Float,1,RO,100,,,,,,,,,,Turbine2-4,
AS-TBN38-73,"SINE (10, 0.000000, 10.000000, 0.050000, 180)",Float,1,RO,100,,,,,,,,,,Turbine2-3,
AS-TBN38-72,"SINE (10, 0.000000, 10.000000, 0.050000, 180)",Float,1,RO,100,,,,,,,,,,Turbine2-2,
AS-TBN38-71,"SINE (10, 0.000000, 10.000000, 0.050000, 180)",Float,1,RO,100,,,,,,,,,,Turbine20-1,
AS-TBN38-70,"SINE (10, 0.000000, 10.000000, 0.050000, 180)",Float,1,RO,100,,,,,,,,,,Turbine20-10,
AS-TBN38-69,"SINE (10, 0.000000, 10.000000, 0.050000, 180)",Float,1,RO,100,,,,,,,,,,Turbine20-9,
AS-TBN38-68,"SINE (10, 0.000000, 10.000000, 0.050000, 180)",Float,1,RO,100,,,,,,,,,,Turbine20-8,
AS-TBN38-67,"SINE (10, 0.000000, 10.000000, 0.050000, 180)",Float,1,RO,100,,,,,,,,,,Turbine20-7,
AS-TBN38-66,"SINE (10, 0.000000, 10.000000, 0.050000, 180)",Float,1,RO,100,,,,,,,,,,Turbine20-6,
AS-TBN38-65,"SINE (10, 0.000000, 10.000000, 0.050000, 180)",Float,1,RO,100,,,,,,,,,,Turbine20-5,
AS-TBN38-64,"SINE (10, 0.000000, 10.000000, 0.050000, 180)",Float,1,RO,100,,,,,,,,,,Turbine20-4,
AS-TBN38-63,"SINE (10, 0.000000, 10.000000, 0.050000, 180)",Float,1,RO,100,,,,,,,,,,Turbine20-3,
AS-TBN38-62,"SINE (10, 0.000000, 10.000000, 0.050000, 180)",Float,1,RO,100,,,,,,,,,,Turbine20-2,
AS-TBN38-61,"SINE (10, 0.000000, 10.000000, 0.050000, 180)",Float,1,RO,100,,,,,,,,,,Turbine21-1,
AS-TBN38-60,"SINE (10, 0.000000, 10.000000, 0.050000, 180)",Float,1,RO,100,,,,,,,,,,Turbine21-10,
AS-TBN38-59,"SINE (10, 0.000000, 10.000000, 0.050000, 180)",Float,1,RO,100,,,,,,,,,,Turbine21-9,
AS-TBN38-58,"SINE (10, 0.000000, 10.000000, 0.050000, 180)",Float,1,RO,100,,,,,,,,,,Turbine21-8,
AS-TBN38-57,"SINE (10, 0.000000, 10.000000, 0.050000, 180)",Float,1,RO,100,,,,,,,,,,Turbine21-7,
AS-TBN38-56,"SINE (10, 0.000000, 10.000000, 0.050000, 180)",Float,1,RO,100,,,,,,,,,,Turbine21-6,
AS-TBN38-55,"SINE (10, 0.000000, 10.000000, 0.050000, 180)",Float,1,RO,100,,,,,,,,,,Turbine21-5,
AS-TBN38-54,"SINE (10, 0.000000, 10.000000, 0.050000, 180)",Float,1,RO,100,,,,,,,,,,Turbine21-4,
AS-TBN38-53,"SINE (10, 0.000000, 10.000000, 0.050000, 180)",Float,1,RO,100,,,,,,,,,,Turbine21-3,
AS-TBN38-52,"SINE (10, 0.000000, 10.000000, 0.050000, 180)",Float,1,RO,100,,,,,,,,,,Turbine21-2,
AS-TBN38-51,"SINE (10, 0.000000, 10.000000, 0.050000, 180)",Float,1,RO,100,,,,,,,,,,Turbine22-1,
AS-TBN38-50,"SINE (10, 0.000000, 10.000000, 0.050000, 180)",Float,1,RO,100,,,,,,,,,,Turbine22-10,
AS-TBN38-49,"SINE (10, 0.000000, 10.000000, 0.050000, 180)",Float,1,RO,100,,,,,,,,,,Turbine22-9,
AS-TBN38-48,"SINE (10, 0.000000, 10.000000, 0.050000, 180)",Float,1,RO,100,,,,,,,,,,Turbine22-8,
AS-TBN38-47,"SINE (10, 0.000000, 10.000000, 0.050000, 180)",Float,1,RO,100,,,,,,,,,,Turbine22-7,
AS-TBN38-46,"SINE (10, 0.000000, 10.000000, 0.050000, 180)",Float,1,RO,100,,,,,,,,,,Turbine22-6,
AS-TBN38-45,"SINE (10, 0.000000, 10.000000, 0.050000, 180)",Float,1,RO,100,,,,,,,,,,Turbine22-5,
AS-TBN38-44,"SINE (10, 0.000000, 10.000000, 0.050000, 180)",Float,1,RO,100,,,,,,,,,,Turbine22-4,
AS-TBN38-43,"SINE (10, 0.000000, 10.000000, 0.050000, 180)",Float,1,RO,100,,,,,,,,,,Turbine22-3,
AS-TBN38-42,"SINE (10, 0.000000, 10.000000, 0.050000, 180)",Float,1,RO,100,,,,,,,,,,Turbine22-2,
AS-TBN38-41,"SINE (10, 0.000000, 10.000000, 0.050000, 180)",Float,1,RO,100,,,,,,,,,,Turbine23-1,
AS-TBN38-40,"SINE (10, 0.000000, 10.000000, 0.050000, 180)",Float,1,RO,100,,,,,,,,,,Turbine23-10,
AS-TBN38-39,"SINE (10, 0.000000, 10.000000, 0.050000, 180)",Float,1,RO,100,,,,,,,,,,Turbine23-9,
AS-TBN38-38,"SINE (10, 0.000000, 10.000000, 0.050000, 180)",Float,1,RO,100,,,,,,,,,,Turbine23-8,
AS-TBN38-37,"SINE (10, 0.000000, 10.000000, 0.050000, 180)",Float,1,RO,100,,,,,,,,,,Turbine23-7,
AS-TBN38-36,"SINE (10, 0.000000, 10.000000, 0.050000, 180)",Float,1,RO,100,,,,,,,,,,Turbine23-6,
AS-TBN38-35,"SINE (10, 0.000000, 10.000000, 0.050000, 180)",Float,1,RO,100,,,,,,,,,,Turbine23-5,
AS-TBN38-34,"SINE (10, 0.000000, 10.000000, 0.050000, 180)",Float,1,RO,100,,,,,,,,,,Turbine23-4,
AS-TBN38-33,"SINE (10, 0.000000, 10.000000, 0.050000, 180)",Float,1,RO,100,,,,,,,,,,Turbine23-3,
AS-TBN38-32,"SINE (10, 0.000000, 10.000000, 0.050000, 180)",Float,1,RO,100,,,,,,,,,,Turbine23-2,
AS-TBN38-31,"SINE (10, 0.000000, 10.000000, 0.050000, 180)",Float,1,RO,100,,,,,,,,,,Turbine24-1,
AS-TBN38-30,"SINE (10, 0.000000, 10.000000, 0.050000, 180)",Float,1,RO,100,,,,,,,,,,Turbine24-10,
AS-TBN38-29,"SINE (10, 0.000000, 10.000000, 0.050000, 180)",Float,1,RO,100,,,,,,,,,,Turbine24-9,
AS-TBN38-28,"SINE (10, 0.000000, 10.000000, 0.050000, 180)",Float,1,RO,100,,,,,,,,,,Turbine24-8,
AS-TBN38-27,"SINE (10, 0.000000, 10.000000, 0.050000, 180)",Float,1,RO,100,,,,,,,,,,Turbine24-7,
AS-TBN38-26,"SINE (10, 0.000000, 10.000000, 0.050000, 180)",Float,1,RO,100,,,,,,,,,,Turbine24-6,
AS-TBN38-25,"SINE (10, 0.000000, 10.000000, 0.050000, 180)",Float,1,RO,100,,,,,,,,,,Turbine24-5,
AS-TBN38-24,"SINE (10, 0.000000, 10.000000, 0.050000, 180)",Float,1,RO,100,,,,,,,,,,Turbine24-4,
AS-TBN38-23,"SINE (10, 0.000000, 10.000000, 0.050000, 180)",Float,1,RO,100,,,,,,,,,,Turbine24-3,
AS-TBN38-22,"SINE (10, 0.000000, 10.000000, 0.050000, 180)",Float,1,RO,100,,,,,,,,,,Turbine24-2,
AS-TBN38-21,"SINE (10, 0.000000, 10.000000, 0.050000, 180)",Float,1,RO,100,,,,,,,,,,Turbine25-2,
AS-TBN38-20,"SINE (10, 0.000000, 10.000000, 0.050000, 180)",Float,1,RO,100,,,,,,,,,,Turbine25-1,
AS-TBN38-19,"SINE (10, 0.000000, 10.000000, 0.050000, 180)",Float,1,RO,100,,,,,,,,,,Turbine25-3,
AS-TBN38-18,"SINE (10, 0.000000, 10.000000, 0.050000, 180)",Float,1,RO,100,,,,,,,,,,Turbine25-4,
AS-TBN38-17,"SINE (10, 0.000000, 10.000000, 0.050000, 180)",Float,1,RO,100,,,,,,,,,,Turbine25-5,
AS-TBN38-16,"SINE (10, 0.000000, 10.000000, 0.050000, 180)",Float,1,RO,100,,,,,,,,,,Turbine25-6,
AS-TBN38-15,"SINE (10, 0.000000, 10.000000, 0.050000, 180)",Float,1,RO,100,,,,,,,,,,Turbine25-7,
AS-TBN38-14,"SINE (10, 0.000000, 10.000000, 0.050000, 180)",Float,1,RO,100,,,,,,,,,,Turbine25-8,
AS-TBN38-13,"SINE (10, 0.000000, 10.000000, 0.050000, 180)",Float,1,RO,100,,,,,,,,,,Turbine25-9,
AS-TBN38-12,"SINE (10, 0.000000, 10.000000, 0.050000, 180)",Float,1,RO,100,,,,,,,,,,Turbine25-10,
AS-TBN38-11,"SINE (10, 0.000000, 10.000000, 0.050000, 180)",Float,1,RO,100,,,,,,,,,,Turbine26-1,
AS-TBN38-10,"SINE (10, 0.000000, 10.000000, 0.050000, 180)",Float,1,RO,100,,,,,,,,,,Turbine26-2,
AS-TBN38-9,"SINE (10, 0.000000, 10.000000, 0.050000, 180)",Float,1,RO,100,,,,,,,,,,Turbine26-3,
AS-TBN38-8,"SINE (10, 0.000000, 10.000000, 0.050000, 180)",Float,1,RO,100,,,,,,,,,,Turbine26-4,
AS-TBN38-7,"SINE (10, 0.000000, 10.000000, 0.050000, 180)",Float,1,RO,100,,,,,,,,,,Turbine26-5,
AS-TBN38-6,"SINE (10, 0.000000, 10.000000, 0.050000, 180)",Float,1,RO,100,,,,,,,,,,Turbine26-6,
AS-TBN38-5,"SINE (10, 0.000000, 10.000000, 0.050000, 180)",Float,1,RO,100,,,,,,,,,,Turbine26-7,
AS-TBN38-4,"SINE (10, 0.000000, 10.000000, 0.050000, 180)",Float,1,RO,100,,,,,,,,,,Turbine26-8,
AS-TBN38-3,"SINE (10, 0.000000, 10.000000, 0.050000, 180)",Float,1,RO,100,,,,,,,,,,Turbine26-9,
AS-TBN38-2,"SINE (10, 0.000000, 10.000000, 0.050000, 180)",Float,1,RO,100,,,,,,,,,,Turbine26-10,
AS-TBN39-1,"SINE (10, 0.000000, 10.000000, 0.050000, 180)",Float,1,RO,100,,,,,,,,,,Turbine27-1,
AS-TBN39-100,"SINE (10, 0.000000, 10.000000, 0.050000, 180)",Float,1,RO,100,,,,,,,,,,Turbine27-2,
AS-TBN39-99,"SINE (10, 0.000000, 10.000000, 0.050000, 180)",Float,1,RO,100,,,,,,,,,,Turbine27-3,
AS-TBN39-98,"SINE (10, 0.000000, 10.000000, 0.050000, 180)",Float,1,RO,100,,,,,,,,,,Turbine27-4,
AS-TBN39-97,"SINE (10, 0.000000, 10.000000, 0.050000, 180)",Float,1,RO,100,,,,,,,,,,Turbine27-5,
AS-TBN39-96,"SINE (10, 0.000000, 10.000000, 0.050000, 180)",Float,1,RO,100,,,,,,,,,,Turbine27-6,
AS-TBN39-95,"SINE (10, 0.000000, 10.000000, 0.050000, 180)",Float,1,RO,100,,,,,,,,,,Turbine27-7,
AS-TBN39-94,"SINE (10, 0.000000, 10.000000, 0.050000, 180)",Float,1,RO,100,,,,,,,,,,Turbine27-8,
AS-TBN39-93,"SINE (10, 0.000000, 10.000000, 0.050000, 180)",Float,1,RO,100,,,,,,,,,,Turbine27-9,
AS-TBN39-92,"SINE (10, 0.000000, 10.000000, 0.050000, 180)",Float,1,RO,100,,,,,,,,,,Turbine27-10,
AS-TBN39-91,"SINE (10, 0.000000, 10.000000, 0.050000, 180)",Float,1,RO,100,,,,,,,,,,Turbine28-1,
AS-TBN39-90,"SINE (10, 0.000000, 10.000000, 0.050000, 180)",Float,1,RO,100,,,,,,,,,,Turbine28-2,
AS-TBN39-89,"SINE (10, 0.000000, 10.000000, 0.050000, 180)",Float,1,RO,100,,,,,,,,,,Turbine28-3,
AS-TBN39-88,"SINE (10, 0.000000, 10.000000, 0.050000, 180)",Float,1,RO,100,,,,,,,,,,Turbine28-4,
AS-TBN39-87,"SINE (10, 0.000000, 10.000000, 0.050000, 180)",Float,1,RO,100,,,,,,,,,,Turbine28-5,
AS-TBN39-86,"SINE (10, 0.000000, 10.000000, 0.050000, 180)",Float,1,RO,100,,,,,,,,,,Turbine28-6,
AS-TBN39-85,"SINE (10, 0.000000, 10.000000, 0.050000, 180)",Float,1,RO,100,,,,,,,,,,Turbine28-7,
AS-TBN39-84,"SINE (10, 0.000000, 10.000000, 0.050000, 180)",Float,1,RO,100,,,,,,,,,,Turbine28-8,
AS-TBN39-83,"SINE (10, 0.000000, 10.000000, 0.050000, 180)",Float,1,RO,100,,,,,,,,,,Turbine28-9,
AS-TBN39-82,"SINE (10, 0.000000, 10.000000, 0.050000, 180)",Float,1,RO,100,,,,,,,,,,Turbine28-10,
AS-TBN39-81,"SINE (10, 0.000000, 10.000000, 0.050000, 180)",Float,1,RO,100,,,,,,,,,,Turbine29-1,
AS-TBN39-80,"SINE (10, 0.000000, 10.000000, 0.050000, 180)",Float,1,RO,100,,,,,,,,,,Turbine29-2,
AS-TBN39-79,"SINE (10, 0.000000, 10.000000, 0.050000, 180)",Float,1,RO,100,,,,,,,,,,Turbine29-3,
AS-TBN39-78,"SINE (10, 0.000000, 10.000000, 0.050000, 180)",Float,1,RO,100,,,,,,,,,,Turbine29-4,
AS-TBN39-77,"SINE (10, 0.000000, 10.000000, 0.050000, 180)",Float,1,RO,100,,,,,,,,,,Turbine29-5,
AS-TBN39-76,"SINE (10, 0.000000, 10.000000, 0.050000, 180)",Float,1,RO,100,,,,,,,,,,Turbine29-6,
AS-TBN39-75,"SINE (10, 0.000000, 10.000000, 0.050000, 180)",Float,1,RO,100,,,,,,,,,,Turbine29-7,
AS-TBN39-74,"SINE (10, 0.000000, 10.000000, 0.050000, 180)",Float,1,RO,100,,,,,,,,,,Turbine29-8,
AS-TBN39-73,"SINE (10, 0.000000, 10.000000, 0.050000, 180)",Float,1,RO,100,,,,,,,,,,Turbine29-9,
AS-TBN39-72,"SINE (10, 0.000000, 10.000000, 0.050000, 180)",Float,1,RO,100,,,,,,,,,,Turbine29-10,
AS-TBN39-71,"SINE (10, 0.000000, 10.000000, 0.050000, 180)",Float,1,RO,100,,,,,,,,,,Turbine3-1,
AS-TBN39-70,"SINE (10, 0.000000, 10.000000, 0.050000, 180)",Float,1,RO,100,,,,,,,,,,Turbine3-10,
AS-TBN39-69,"SINE (10, 0.000000, 10.000000, 0.050000, 180)",Float,1,RO,100,,,,,,,,,,Turbine3-9,
AS-TBN39-68,"SINE (10, 0.000000, 10.000000, 0.050000, 180)",Float,1,RO,100,,,,,,,,,,Turbine3-8,
AS-TBN39-67,"SINE (10, 0.000000, 10.000000, 0.050000, 180)",Float,1,RO,100,,,,,,,,,,Turbine3-7,
AS-TBN39-66,"SINE (10, 0.000000, 10.000000, 0.050000, 180)",Float,1,RO,100,,,,,,,,,,Turbine3-6,
AS-TBN39-65,"SINE (10, 0.000000, 10.000000, 0.050000, 180)",Float,1,RO,100,,,,,,,,,,Turbine3-5,
AS-TBN39-64,"SINE (10, 0.000000, 10.000000, 0.050000, 180)",Float,1,RO,100,,,,,,,,,,Turbine3-4,
AS-TBN39-63,"SINE (10, 0.000000, 10.000000, 0.050000, 180)",Float,1,RO,100,,,,,,,,,,Turbine3-3,
AS-TBN39-62,"SINE (10, 0.000000, 10.000000, 0.050000, 180)",Float,1,RO,100,,,,,,,,,,Turbine3-2,
AS-TBN39-61,"SINE (10, 0.000000, 10.000000, 0.050000, 180)",Float,1,RO,100,,,,,,,,,,Turbine30-1,
AS-TBN39-60,"SINE (10, 0.000000, 10.000000, 0.050000, 180)",Float,1,RO,100,,,,,,,,,,Turbine30-2,
AS-TBN39-59,"SINE (10, 0.000000, 10.000000, 0.050000, 180)",Float,1,RO,100,,,,,,,,,,Turbine30-3,
AS-TBN39-58,"SINE (10, 0.000000, 10.000000, 0.050000, 180)",Float,1,RO,100,,,,,,,,,,Turbine30-4,
AS-TBN39-57,"SINE (10, 0.000000, 10.000000, 0.050000, 180)",Float,1,RO,100,,,,,,,,,,Turbine30-5,
AS-TBN39-56,"SINE (10, 0.000000, 10.000000, 0.050000, 180)",Float,1,RO,100,,,,,,,,,,Turbine30-6,
AS-TBN39-55,"SINE (10, 0.000000, 10.000000, 0.050000, 180)",Float,1,RO,100,,,,,,,,,,Turbine30-7,
AS-TBN39-54,"SINE (10, 0.000000, 10.000000, 0.050000, 180)",Float,1,RO,100,,,,,,,,,,Turbine30-8,
AS-TBN39-53,"SINE (10, 0.000000, 10.000000, 0.050000, 180)",Float,1,RO,100,,,,,,,,,,Turbine30-9,
AS-TBN39-52,"SINE (10, 0.000000, 10.000000, 0.050000, 180)",Float,1,RO,100,,,,,,,,,,Turbine30-10,
AS-TBN39-51,"SINE (10, 0.000000, 10.000000, 0.050000, 180)",Float,1,RO,100,,,,,,,,,,Turbine31-1,
AS-TBN39-50,"SINE (10, 0.000000, 10.000000, 0.050000, 180)",Float,1,RO,100,,,,,,,,,,Turbine31-2,
AS-TBN39-49,"SINE (10, 0.000000, 10.000000, 0.050000, 180)",Float,1,RO,100,,,,,,,,,,Turbine31-3,
AS-TBN39-48,"SINE (10, 0.000000, 10.000000, 0.050000, 180)",Float,1,RO,100,,,,,,,,,,Turbine31-4,
AS-TBN39-47,"SINE (10, 0.000000, 10.000000, 0.050000, 180)",Float,1,RO,100,,,,,,,,,,Turbine31-5,
AS-TBN39-46,"SINE (10, 0.000000, 10.000000, 0.050000, 180)",Float,1,RO,100,,,,,,,,,,Turbine31-6,
AS-TBN39-45,"SINE (10, 0.000000, 10.000000, 0.050000, 180)",Float,1,RO,100,,,,,,,,,,Turbine31-7,
AS-TBN39-44,"SINE (10, 0.000000, 10.000000, 0.050000, 180)",Float,1,RO,100,,,,,,,,,,Turbine31-8,
AS-TBN39-43,"SINE (10, 0.000000, 10.000000, 0.050000, 180)",Float,1,RO,100,,,,,,,,,,Turbine31-9,
AS-TBN39-42,"SINE (10, 0.000000, 10.000000, 0.050000, 180)",Float,1,RO,100,,,,,,,,,,Turbine31-10,
AS-TBN39-41,"SINE (10, 0.000000, 10.000000, 0.050000, 180)",Float,1,RO,100,,,,,,,,,,Turbine32-1,
AS-TBN39-40,"SINE (10, 0.000000, 10.000000, 0.050000, 180)",Float,1,RO,100,,,,,,,,,,Turbine32-2,
AS-TBN39-39,"SINE (10, 0.000000, 10.000000, 0.050000, 180)",Float,1,RO,100,,,,,,,,,,Turbine32-3,
AS-TBN39-38,"SINE (10, 0.000000, 10.000000, 0.050000, 180)",Float,1,RO,100,,,,,,,,,,Turbine32-4,
AS-TBN39-37,"SINE (10, 0.000000, 10.000000, 0.050000, 180)",Float,1,RO,100,,,,,,,,,,Turbine32-5,
AS-TBN39-36,"SINE (10, 0.000000, 10.000000, 0.050000, 180)",Float,1,RO,100,,,,,,,,,,Turbine32-6,
AS-TBN39-35,"SINE (10, 0.000000, 10.000000, 0.050000, 180)",Float,1,RO,100,,,,,,,,,,Turbine32-7,
AS-TBN39-34,"SINE (10, 0.000000, 10.000000, 0.050000, 180)",Float,1,RO,100,,,,,,,,,,Turbine32-8,
AS-TBN39-33,"SINE (10, 0.000000, 10.000000, 0.050000, 180)",Float,1,RO,100,,,,,,,,,,Turbine32-9,
AS-TBN39-32,"SINE (10, 0.000000, 10.000000, 0.050000, 180)",Float,1,RO,100,,,,,,,,,,Turbine32-10,
AS-TBN39-31,"SINE (10, 0.000000, 10.000000, 0.050000, 180)",Float,1,RO,100,,,,,,,,,,Turbine33-1,
AS-TBN39-30,"SINE (10, 0.000000, 10.000000, 0.050000, 180)",Float,1,RO,100,,,,,,,,,,Turbine33-2,
AS-TBN39-29,"SINE (10, 0.000000, 10.000000, 0.050000, 180)",Float,1,RO,100,,,,,,,,,,Turbine33-3,
AS-TBN39-28,"SINE (10, 0.000000, 10.000000, 0.050000, 180)",Float,1,RO,100,,,,,,,,,,Turbine33-4,
AS-TBN39-27,"SINE (10, 0.000000, 10.000000, 0.050000, 180)",Float,1,RO,100,,,,,,,,,,Turbine33-5,
AS-TBN39-26,"SINE (10, 0.000000, 10.000000, 0.050000, 180)",Float,1,RO,100,,,,,,,,,,Turbine33-6,
AS-TBN39-25,"SINE (10, 0.000000, 10.000000, 0.050000, 180)",Float,1,RO,100,,,,,,,,,,Turbine33-7,
AS-TBN39-24,"SINE (10, 0.000000, 10.000000, 0.050000, 180)",Float,1,RO,100,,,,,,,,,,Turbine33-8,
AS-TBN39-23,"SINE (10, 0.000000, 10.000000, 0.050000, 180)",Float,1,RO,100,,,,,,,,,,Turbine33-9,
AS-TBN39-22,"SINE (10, 0.000000, 10.000000, 0.050000, 180)",Float,1,RO,100,,,,,,,,,,Turbine33-10,
AS-TBN39-21,"SINE (10, 0.000000, 10.000000, 0.050000, 180)",Float,1,RO,100,,,,,,,,,,Turbine34-1,
AS-TBN39-20,"SINE (10, 0.000000, 10.000000, 0.050000, 180)",Float,1,RO,100,,,,,,,,,,Turbine34-2,
AS-TBN39-19,"SINE (10, 0.000000, 10.000000, 0.050000, 180)",Float,1,RO,100,,,,,,,,,,Turbine34-3,
AS-TBN39-18,"SINE (10, 0.000000, 10.000000, 0.050000, 180)",Float,1,RO,100,,,,,,,,,,Turbine34-4,
AS-TBN39-17,"SINE (10, 0.000000, 10.000000, 0.050000, 180)",Float,1,RO,100,,,,,,,,,,Turbine34-5,
AS-TBN39-16,"SINE (10, 0.000000, 10.000000, 0.050000, 180)",Float,1,RO,100,,,,,,,,,,Turbine34-6,
AS-TBN39-15,"SINE (10, 0.000000, 10.000000, 0.050000, 180)",Float,1,RO,100,,,,,,,,,,Turbine34-7,
AS-TBN39-14,"SINE (10, 0.000000, 10.000000, 0.050000, 180)",Float,1,RO,100,,,,,,,,,,Turbine34-8,
AS-TBN39-13,"SINE (10, 0.000000, 10.000000, 0.050000, 180)",Float,1,RO,100,,,,,,,,,,Turbine34-9,
AS-TBN39-12,"SINE (10, 0.000000, 10.000000, 0.050000, 180)",Float,1,RO,100,,,,,,,,,,Turbine34-10,
AS-TBN39-11,"SINE (10, 0.000000, 10.000000, 0.050000, 180)",Float,1,RO,100,,,,,,,,,,Turbine35-1,
AS-TBN39-10,"SINE (10, 0.000000, 10.000000, 0.050000, 180)",Float,1,RO,100,,,,,,,,,,Turbine35-2,
AS-TBN39-9,"SINE (10, 0.000000, 10.000000, 0.050000, 180)",Float,1,RO,100,,,,,,,,,,Turbine35-3,
AS-TBN39-8,"SINE (10, 0.000000, 10.000000, 0.050000, 180)",Float,1,RO,100,,,,,,,,,,Turbine35-4,
AS-TBN39-7,"SINE (10, 0.000000, 10.000000, 0.050000, 180)",Float,1,RO,100,,,,,,,,,,Turbine35-5,
AS-TBN39-6,"SINE (10, 0.000000, 10.000000, 0.050000, 180)",Float,1,RO,100,,,,,,,,,,Turbine35-6,
AS-TBN39-5,"SINE (10, 0.000000, 10.000000, 0.050000, 180)",Float,1,RO,100,,,,,,,,,,Turbine35-7,
AS-TBN39-4,"SINE (10, 0.000000, 10.000000, 0.050000, 180)",Float,1,RO,100,,,,,,,,,,Turbine35-8,
AS-TBN39-3,"SINE (10, 0.000000, 10.000000, 0.050000, 180)",Float,1,RO,100,,,,,,,,,,Turbine35-9,
AS-TBN39-2,"SINE (10, 0.000000, 10.000000, 0.050000, 180)",Float,1,RO,100,,,,,,,,,,Turbine35-10,
AS-TBN4-100,"SINE (10, 0.000000, 10.000000, 0.050000, 180)",Float,1,RO,100,,,,,,,,,,Turbine36-1,
AS-TBN4-1,"SINE (10, 0.000000, 10.000000, 0.050000, 180)",Float,1,RO,100,,,,,,,,,,Turbine36-2,
AS-TBN4-2,"SINE (10, 0.000000, 10.000000, 0.050000, 180)",Float,1,RO,100,,,,,,,,,,Turbine36-3,
AS-TBN4-3,"SINE (10, 0.000000, 10.000000, 0.050000, 180)",Float,1,RO,100,,,,,,,,,,Turbine36-4,
AS-TBN4-4,"SINE (10, 0.000000, 10.000000, 0.050000, 180)",Float,1,RO,100,,,,,,,,,,Turbine36-5,
AS-TBN4-5,"SINE (10, 0.000000, 10.000000, 0.050000, 180)",Float,1,RO,100,,,,,,,,,,Turbine36-6,
AS-TBN4-6,"SINE (10, 0.000000, 10.000000, 0.050000, 180)",Float,1,RO,100,,,,,,,,,,Turbine36-7,
AS-TBN4-7,"SINE (10, 0.000000, 10.000000, 0.050000, 180)",Float,1,RO,100,,,,,,,,,,Turbine36-8,
AS-TBN4-8,"SINE (10, 0.000000, 10.000000, 0.050000, 180)",Float,1,RO,100,,,,,,,,,,Turbine36-9,
AS-TBN4-9,"SINE (10, 0.000000, 10.000000, 0.050000, 180)",Float,1,RO,100,,,,,,,,,,Turbine36-10,
AS-TBN4-10,"SINE (10, 0.000000, 10.000000, 0.050000, 180)",Float,1,RO,100,,,,,,,,,,Turbine37-1,
AS-TBN4-11,"SINE (10, 0.000000, 10.000000, 0.050000, 180)",Float,1,RO,100,,,,,,,,,,Turbine37-2,
AS-TBN4-12,"SINE (10, 0.000000, 10.000000, 0.050000, 180)",Float,1,RO,100,,,,,,,,,,Turbine37-3,
AS-TBN4-13,"SINE (10, 0.000000, 10.000000, 0.050000, 180)",Float,1,RO,100,,,,,,,,,,Turbine37-4,
AS-TBN4-14,"SINE (10, 0.000000, 10.000000, 0.050000, 180)",Float,1,RO,100,,,,,,,,,,Turbine37-5,
AS-TBN4-15,"SINE (10, 0.000000, 10.000000, 0.050000, 180)",Float,1,RO,100,,,,,,,,,,Turbine37-6,
AS-TBN4-16,"SINE (10, 0.000000, 10.000000, 0.050000, 180)",Float,1,RO,100,,,,,,,,,,Turbine37-7,
AS-TBN4-17,"SINE (10, 0.000000, 10.000000, 0.050000, 180)",Float,1,RO,100,,,,,,,,,,Turbine37-8,
AS-TBN4-18,"SINE (10, 0.000000, 10.000000, 0.050000, 180)",Float,1,RO,100,,,,,,,,,,Turbine37-9,
AS-TBN4-19,"SINE (10, 0.000000, 10.000000, 0.050000, 180)",Float,1,RO,100,,,,,,,,,,Turbine37-10,
AS-TBN4-20,"SINE (10, 0.000000, 10.000000, 0.050000, 180)",Float,1,RO,100,,,,,,,,,,Turbine38-1,
AS-TBN4-21,"SINE (10, 0.000000, 10.000000, 0.050000, 180)",Float,1,RO,100,,,,,,,,,,Turbine38-2,
AS-TBN4-22,"SINE (10, 0.000000, 10.000000, 0.050000, 180)",Float,1,RO,100,,,,,,,,,,Turbine38-3,
AS-TBN4-23,"SINE (10, 0.000000, 10.000000, 0.050000, 180)",Float,1,RO,100,,,,,,,,,,Turbine38-4,
AS-TBN4-24,"SINE (10, 0.000000, 10.000000, 0.050000, 180)",Float,1,RO,100,,,,,,,,,,Turbine38-5,
AS-TBN4-25,"SINE (10, 0.000000, 10.000000, 0.050000, 180)",Float,1,RO,100,,,,,,,,,,Turbine38-6,
AS-TBN4-26,"SINE (10, 0.000000, 10.000000, 0.050000, 180)",Float,1,RO,100,,,,,,,,,,Turbine38-7,
AS-TBN4-27,"SINE (10, 0.000000, 10.000000, 0.050000, 180)",Float,1,RO,100,,,,,,,,,,Turbine38-8,
AS-TBN4-28,"SINE (10, 0.000000, 10.000000, 0.050000, 180)",Float,1,RO,100,,,,,,,,,,Turbine38-9,
AS-TBN4-29,"SINE (10, 0.000000, 10.000000, 0.050000, 180)",Float,1,RO,100,,,,,,,,,,Turbine38-10,
AS-TBN4-30,"SINE (10, 0.000000, 10.000000, 0.050000, 180)",Float,1,RO,100,,,,,,,,,,Turbine39-1,
AS-TBN4-31,"SINE (10, 0.000000, 10.000000, 0.050000, 180)",Float,1,RO,100,,,,,,,,,,Turbine39-2,
AS-TBN4-32,"SINE (10, 0.000000, 10.000000, 0.050000, 180)",Float,1,RO,100,,,,,,,,,,Turbine39-3,
AS-TBN4-33,"SINE (10, 0.000000, 10.000000, 0.050000, 180)",Float,1,RO,100,,,,,,,,,,Turbine39-4,
AS-TBN4-34,"SINE (10, 0.000000, 10.000000, 0.050000, 180)",Float,1,RO,100,,,,,,,,,,Turbine39-5,
AS-TBN4-35,"SINE (10, 0.000000, 10.000000, 0.050000, 180)",Float,1,RO,100,,,,,,,,,,Turbine39-6,
AS-TBN4-36,"SINE (10, 0.000000, 10.000000, 0.050000, 180)",Float,1,RO,100,,,,,,,,,,Turbine39-7,
AS-TBN4-37,"SINE (10, 0.000000, 10.000000, 0.050000, 180)",Float,1,RO,100,,,,,,,,,,Turbine39-8,
AS-TBN4-38,"SINE (10, 0.000000, 10.000000, 0.050000, 180)",Float,1,RO,100,,,,,,,,,,Turbine39-9,
AS-TBN4-39,"SINE (10, 0.000000, 10.000000, 0.050000, 180)",Float,1,RO,100,,,,,,,,,,Turbine39-10,
AS-TBN4-40,"SINE (10, 0.000000, 10.000000, 0.050000, 180)",Float,1,RO,100,,,,,,,,,,Turbine4-1,
AS-TBN4-41,"SINE (10, 0.000000, 10.000000, 0.050000, 180)",Float,1,RO,100,,,,,,,,,,Turbine4-10,
AS-TBN4-42,"SINE (10, 0.000000, 10.000000, 0.050000, 180)",Float,1,RO,100,,,,,,,,,,Turbine4-9,
AS-TBN4-43,"SINE (10, 0.000000, 10.000000, 0.050000, 180)",Float,1,RO,100,,,,,,,,,,Turbine4-8,
AS-TBN4-44,"SINE (10, 0.000000, 10.000000, 0.050000, 180)",Float,1,RO,100,,,,,,,,,,Turbine4-7,
AS-TBN4-45,"SINE (10, 0.000000, 10.000000, 0.050000, 180)",Float,1,RO,100,,,,,,,,,,Turbine4-6,
AS-TBN4-46,"SINE (10, 0.000000, 10.000000, 0.050000, 180)",Float,1,RO,100,,,,,,,,,,Turbine4-5,
AS-TBN4-47,"SINE (10, 0.000000, 10.000000, 0.050000, 180)",Float,1,RO,100,,,,,,,,,,Turbine4-4,
AS-TBN4-48,"SINE (10, 0.000000, 10.000000, 0.050000, 180)",Float,1,RO,100,,,,,,,,,,Turbine4-3,
AS-TBN4-49,"SINE (10, 0.000000, 10.000000, 0.050000, 180)",Float,1,RO,100,,,,,,,,,,Turbine4-2,
AS-TBN4-50,"SINE (10, 0.000000, 10.000000, 0.050000, 180)",Float,1,RO,100,,,,,,,,,,Turbine40-1,
AS-TBN4-51,"SINE (10, 0.000000, 10.000000, 0.050000, 180)",Float,1,RO,100,,,,,,,,,,Turbine40-10,
AS-TBN4-52,"SINE (10, 0.000000, 10.000000, 0.050000, 180)",Float,1,RO,100,,,,,,,,,,Turbine40-2,
AS-TBN4-53,"SINE (10, 0.000000, 10.000000, 0.050000, 180)",Float,1,RO,100,,,,,,,,,,Turbine40-3,
AS-TBN4-54,"SINE (10, 0.000000, 10.000000, 0.050000, 180)",Float,1,RO,100,,,,,,,,,,Turbine40-4,
AS-TBN4-55,"SINE (10, 0.000000, 10.000000, 0.050000, 180)",Float,1,RO,100,,,,,,,,,,Turbine40-5,
AS-TBN4-56,"SINE (10, 0.000000, 10.000000, 0.050000, 180)",Float,1,RO,100,,,,,,,,,,Turbine40-6,
AS-TBN4-57,"SINE (10, 0.000000, 10.000000, 0.050000, 180)",Float,1,RO,100,,,,,,,,,,Turbine40-7,
AS-TBN4-58,"SINE (10, 0.000000, 10.000000, 0.050000, 180)",Float,1,RO,100,,,,,,,,,,Turbine40-8,
AS-TBN4-59,"SINE (10, 0.000000, 10.000000, 0.050000, 180)",Float,1,RO,100,,,,,,,,,,Turbine40-9,
AS-TBN4-60,"SINE (10, 0.000000, 10.000000, 0.050000, 180)",Float,1,RO,100,,,,,,,,,,Turbine41-1,
AS-TBN4-61,"SINE (10, 0.000000, 10.000000, 0.050000, 180)",Float,1,RO,100,,,,,,,,,,Turbine41-10,
AS-TBN4-62,"SINE (10, 0.000000, 10.000000, 0.050000, 180)",Float,1,RO,100,,,,,,,,,,Turbine41-9,
AS-TBN4-63,"SINE (10, 0.000000, 10.000000, 0.050000, 180)",Float,1,RO,100,,,,,,,,,,Turbine41-8,
AS-TBN4-64,"SINE (10, 0.000000, 10.000000, 0.050000, 180)",Float,1,RO,100,,,,,,,,,,Turbine41-7,
AS-TBN4-65,"SINE (10, 0.000000, 10.000000, 0.050000, 180)",Float,1,RO,100,,,,,,,,,,Turbine41-6,
AS-TBN4-66,"SINE (10, 0.000000, 10.000000, 0.050000, 180)",Float,1,RO,100,,,,,,,,,,Turbine41-5,
AS-TBN4-67,"SINE (10, 0.000000, 10.000000, 0.050000, 180)",Float,1,RO,100,,,,,,,,,,Turbine41-4,
AS-TBN4-68,"SINE (10, 0.000000, 10.000000, 0.050000, 180)",Float,1,RO,100,,,,,,,,,,Turbine41-3,
AS-TBN4-69,"SINE (10, 0.000000, 10.000000, 0.050000, 180)",Float,1,RO,100,,,,,,,,,,Turbine41-2,
AS-TBN4-70,"SINE (10, 0.000000, 10.000000, 0.050000, 180)",Float,1,RO,100,,,,,,,,,,Turbine42-1,
AS-TBN4-71,"SINE (10, 0.000000, 10.000000, 0.050000, 180)",Float,1,RO,100,,,,,,,,,,Turbine42-10,
AS-TBN4-72,"SINE (10, 0.000000, 10.000000, 0.050000, 180)",Float,1,RO,100,,,,,,,,,,Turbine42-9,
AS-TBN4-73,"SINE (10, 0.000000, 10.000000, 0.050000, 180)",Float,1,RO,100,,,,,,,,,,Turbine42-8,
AS-TBN4-74,"SINE (10, 0.000000, 10.000000, 0.050000, 180)",Float,1,RO,100,,,,,,,,,,Turbine42-7,
AS-TBN4-75,"SINE (10, 0.000000, 10.000000, 0.050000, 180)",Float,1,RO,100,,,,,,,,,,Turbine42-6,
AS-TBN4-76,"SINE (10, 0.000000, 10.000000, 0.050000, 180)",Float,1,RO,100,,,,,,,,,,Turbine42-5,
AS-TBN4-77,"SINE (10, 0.000000, 10.000000, 0.050000, 180)",Float,1,RO,100,,,,,,,,,,Turbine42-4,
AS-TBN4-78,"SINE (10, 0.000000, 10.000000, 0.050000, 180)",Float,1,RO,100,,,,,,,,,,Turbine42-3,
AS-TBN4-79,"SINE (10, 0.000000, 10.000000, 0.050000, 180)",Float,1,RO,100,,,,,,,,,,Turbine42-2,
AS-TBN4-80,"SINE (10, 0.000000, 10.000000, 0.050000, 180)",Float,1,RO,100,,,,,,,,,,Turbine43-1,
AS-TBN4-81,"SINE (10, 0.000000, 10.000000, 0.050000, 180)",Float,1,RO,100,,,,,,,,,,Turbine43-10,
AS-TBN4-82,"SINE (10, 0.000000, 10.000000, 0.050000, 180)",Float,1,RO,100,,,,,,,,,,Turbine43-9,
AS-TBN4-83,"SINE (10, 0.000000, 10.000000, 0.050000, 180)",Float,1,RO,100,,,,,,,,,,Turbine43-8,
AS-TBN4-84,"SINE (10, 0.000000, 10.000000, 0.050000, 180)",Float,1,RO,100,,,,,,,,,,Turbine43-7,
AS-TBN4-85,"SINE (10, 0.000000, 10.000000, 0.050000, 180)",Float,1,RO,100,,,,,,,,,,Turbine43-6,
AS-TBN4-86,"SINE (10, 0.000000, 10.000000, 0.050000, 180)",Float,1,RO,100,,,,,,,,,,Turbine43-5,
AS-TBN4-87,"SINE (10, 0.000000, 10.000000, 0.050000, 180)",Float,1,RO,100,,,,,,,,,,Turbine43-4,
AS-TBN4-88,"SINE (10, 0.000000, 10.000000, 0.050000, 180)",Float,1,RO,100,,,,,,,,,,Turbine43-3,
AS-TBN4-89,"SINE (10, 0.000000, 10.000000, 0.050000, 180)",Float,1,RO,100,,,,,,,,,,Turbine43-2,
AS-TBN4-90,"SINE (10, 0.000000, 10.000000, 0.050000, 180)",Float,1,RO,100,,,,,,,,,,Turbine44-1,
AS-TBN4-91,"SINE (10, 0.000000, 10.000000, 0.050000, 180)",Float,1,RO,100,,,,,,,,,,Turbine44-10,
AS-TBN4-92,"SINE (10, 0.000000, 10.000000, 0.050000, 180)",Float,1,RO,100,,,,,,,,,,Turbine44-9,
AS-TBN4-93,"SINE (10, 0.000000, 10.000000, 0.050000, 180)",Float,1,RO,100,,,,,,,,,,Turbine44-8,
AS-TBN4-94,"SINE (10, 0.000000, 10.000000, 0.050000, 180)",Float,1,RO,100,,,,,,,,,,Turbine44-7,
AS-TBN4-95,"SINE (10, 0.000000, 10.000000, 0.050000, 180)",Float,1,RO,100,,,,,,,,,,Turbine44-6,
AS-TBN4-96,"SINE (10, 0.000000, 10.000000, 0.050000, 180)",Float,1,RO,100,,,,,,,,,,Turbine44-5,
AS-TBN4-97,"SINE (10, 0.000000, 10.000000, 0.050000, 180)",Float,1,RO,100,,,,,,,,,,Turbine44-4,
AS-TBN4-98,"SINE (10, 0.000000, 10.000000, 0.050000, 180)",Float,1,RO,100,,,,,,,,,,Turbine44-3,
AS-TBN4-99,"SINE (10, 0.000000, 10.000000, 0.050000, 180)",Float,1,RO,100,,,,,,,,,,Turbine44-2,
AS-TBN40-1,"SINE (10, 0.000000, 10.000000, 0.050000, 180)",Float,1,RO,100,,,,,,,,,,Turbine45-1,
AS-TBN40-98,"SINE (10, 0.000000, 10.000000, 0.050000, 180)",Float,1,RO,100,,,,,,,,,,Turbine45-10,
AS-TBN40-97,"SINE (10, 0.000000, 10.000000, 0.050000, 180)",Float,1,RO,100,,,,,,,,,,Turbine45-9,
AS-TBN40-96,"SINE (10, 0.000000, 10.000000, 0.050000, 180)",Float,1,RO,100,,,,,,,,,,Turbine45-8,
AS-TBN40-95,"SINE (10, 0.000000, 10.000000, 0.050000, 180)",Float,1,RO,100,,,,,,,,,,Turbine45-7,
AS-TBN40-94,"SINE (10, 0.000000, 10.000000, 0.050000, 180)",Float,1,RO,100,,,,,,,,,,Turbine45-6,
AS-TBN40-93,"SINE (10, 0.000000, 10.000000, 0.050000, 180)",Float,1,RO,100,,,,,,,,,,Turbine45-5,
AS-TBN40-92,"SINE (10, 0.000000, 10.000000, 0.050000, 180)",Float,1,RO,100,,,,,,,,,,Turbine45-4,
AS-TBN40-91,"SINE (10, 0.000000, 10.000000, 0.050000, 180)",Float,1,RO,100,,,,,,,,,,Turbine45-3,
AS-TBN40-90,"SINE (10, 0.000000, 10.000000, 0.050000, 180)",Float,1,RO,100,,,,,,,,,,Turbine45-2,
AS-TBN40-89,"SINE (10, 0.000000, 10.000000, 0.050000, 180)",Float,1,RO,100,,,,,,,,,,Turbine46-1,
AS-TBN40-88,"SINE (10, 0.000000, 10.000000, 0.050000, 180)",Float,1,RO,100,,,,,,,,,,Turbine46-10,
AS-TBN40-87,"SINE (10, 0.000000, 10.000000, 0.050000, 180)",Float,1,RO,100,,,,,,,,,,Turbine46-9,
AS-TBN40-86,"SINE (10, 0.000000, 10.000000, 0.050000, 180)",Float,1,RO,100,,,,,,,,,,Turbine46-8,
AS-TBN40-85,"SINE (10, 0.000000, 10.000000, 0.050000, 180)",Float,1,RO,100,,,,,,,,,,Turbine46-7,
AS-TBN40-84,"SINE (10, 0.000000, 10.000000, 0.050000, 180)",Float,1,RO,100,,,,,,,,,,Turbine46-6,
AS-TBN40-83,"SINE (10, 0.000000, 10.000000, 0.050000, 180)",Float,1,RO,100,,,,,,,,,,Turbine46-5,
AS-TBN40-82,"SINE (10, 0.000000, 10.000000, 0.050000, 180)",Float,1,RO,100,,,,,,,,,,Turbine46-4,
AS-TBN40-81,"SINE (10, 0.000000, 10.000000, 0.050000, 180)",Float,1,RO,100,,,,,,,,,,Turbine46-3,
AS-TBN40-80,"SINE (10, 0.000000, 10.000000, 0.050000, 180)",Float,1,RO,100,,,,,,,,,,Turbine46-2,
AS-TBN40-79,"SINE (10, 0.000000, 10.000000, 0.050000, 180)",Float,1,RO,100,,,,,,,,,,Turbine47-1,
AS-TBN40-78,"SINE (10, 0.000000, 10.000000, 0.050000, 180)",Float,1,RO,100,,,,,,,,,,Turbine47-10,
AS-TBN40-77,"SINE (10, 0.000000, 10.000000, 0.050000, 180)",Float,1,RO,100,,,,,,,,,,Turbine47-9,
AS-TBN40-76,"SINE (10, 0.000000, 10.000000, 0.050000, 180)",Float,1,RO,100,,,,,,,,,,Turbine47-8,
AS-TBN40-75,"SINE (10, 0.000000, 10.000000, 0.050000, 180)",Float,1,RO,100,,,,,,,,,,Turbine47-7,
AS-TBN40-74,"SINE (10, 0.000000, 10.000000, 0.050000, 180)",Float,1,RO,100,,,,,,,,,,Turbine47-6,
AS-TBN40-73,"SINE (10, 0.000000, 10.000000, 0.050000, 180)",Float,1,RO,100,,,,,,,,,,Turbine47-5,
AS-TBN40-72,"SINE (10, 0.000000, 10.000000, 0.050000, 180)",Float,1,RO,100,,,,,,,,,,Turbine47-4,
AS-TBN40-71,"SINE (10, 0.000000, 10.000000, 0.050000, 180)",Float,1,RO,100,,,,,,,,,,Turbine47-3,
AS-TBN40-70,"SINE (10, 0.000000, 10.000000, 0.050000, 180)",Float,1,RO,100,,,,,,,,,,Turbine47-2,
AS-TBN40-69,"SINE (10, 0.000000, 10.000000, 0.050000, 180)",Float,1,RO,100,,,,,,,,,,Turbine48-1,
AS-TBN40-68,"SINE (10, 0.000000, 10.000000, 0.050000, 180)",Float,1,RO,100,,,,,,,,,,Turbine48-10,
AS-TBN40-67,"SINE (10, 0.000000, 10.000000, 0.050000, 180)",Float,1,RO,100,,,,,,,,,,Turbine48-9,
AS-TBN40-66,"SINE (10, 0.000000, 10.000000, 0.050000, 180)",Float,1,RO,100,,,,,,,,,,Turbine48-8,
AS-TBN40-65,"SINE (10, 0.000000, 10.000000, 0.050000, 180)",Float,1,RO,100,,,,,,,,,,Turbine48-7,
AS-TBN40-64,"SINE (10, 0.000000, 10.000000, 0.050000, 180)",Float,1,RO,100,,,,,,,,,,Turbine48-6,
AS-TBN40-63,"SINE (10, 0.000000, 10.000000, 0.050000, 180)",Float,1,RO,100,,,,,,,,,,Turbine48-5,
AS-TBN40-62,"SINE (10, 0.000000, 10.000000, 0.050000, 180)",Float,1,RO,100,,,,,,,,,,Turbine48-4,
AS-TBN40-61,"SINE (10, 0.000000, 10.000000, 0.050000, 180)",Float,1,RO,100,,,,,,,,,,Turbine48-3,
AS-TBN40-60,"SINE (10, 0.000000, 10.000000, 0.050000, 180)",Float,1,RO,100,,,,,,,,,,Turbine48-2,
AS-TBN40-59,"SINE (10, 0.000000, 10.000000, 0.050000, 180)",Float,1,RO,100,,,,,,,,,,Turbine49-1,
AS-TBN40-58,"SINE (10, 0.000000, 10.000000, 0.050000, 180)",Float,1,RO,100,,,,,,,,,,Turbine49-10,
AS-TBN40-57,"SINE (10, 0.000000, 10.000000, 0.050000, 180)",Float,1,RO,100,,,,,,,,,,Turbine49-9,
AS-TBN40-56,"SINE (10, 0.000000, 10.000000, 0.050000, 180)",Float,1,RO,100,,,,,,,,,,Turbine49-8,
AS-TBN40-55,"SINE (10, 0.000000, 10.000000, 0.050000, 180)",Float,1,RO,100,,,,,,,,,,Turbine49-7,
AS-TBN40-54,"SINE (10, 0.000000, 10.000000, 0.050000, 180)",Float,1,RO,100,,,,,,,,,,Turbine49-6,
AS-TBN40-53,"SINE (10, 0.000000, 10.000000, 0.050000, 180)",Float,1,RO,100,,,,,,,,,,Turbine49-5,
AS-TBN40-52,"SINE (10, 0.000000, 10.000000, 0.050000, 180)",Float,1,RO,100,,,,,,,,,,Turbine49-4,
AS-TBN40-51,"SINE (10, 0.000000, 10.000000, 0.050000, 180)",Float,1,RO,100,,,,,,,,,,Turbine49-3,
AS-TBN40-50,"SINE (10, 0.000000, 10.000000, 0.050000, 180)",Float,1,RO,100,,,,,,,,,,Turbine49-2,
AS-TBN40-49,"SINE (10, 0.000000, 10.000000, 0.050000, 180)",Float,1,RO,100,,,,,,,,,,Turbine5-1,
AS-TBN40-48,"SINE (10, 0.000000, 10.000000, 0.050000, 180)",Float,1,RO,100,,,,,,,,,,Turbine5-2,
AS-TBN40-47,"SINE (10, 0.000000, 10.000000, 0.050000, 180)",Float,1,RO,100,,,,,,,,,,Turbine5-3,
AS-TBN40-46,"SINE (10, 0.000000, 10.000000, 0.050000, 180)",Float,1,RO,100,,,,,,,,,,Turbine5-4,
AS-TBN40-45,"SINE (10, 0.000000, 10.000000, 0.050000, 180)",Float,1,RO,100,,,,,,,,,,Turbine5-5,
AS-TBN40-44,"SINE (10, 0.000000, 10.000000, 0.050000, 180)",Float,1,RO,100,,,,,,,,,,Turbine5-6,
AS-TBN40-43,"SINE (10, 0.000000, 10.000000, 0.050000, 180)",Float,1,RO,100,,,,,,,,,,Turbine5-7,
AS-TBN40-42,"SINE (10, 0.000000, 10.000000, 0.050000, 180)",Float,1,RO,100,,,,,,,,,,Turbine5-8,
AS-TBN40-41,"SINE (10, 0.000000, 10.000000, 0.050000, 180)",Float,1,RO,100,,,,,,,,,,Turbine5-9,
AS-TBN40-40,"SINE (10, 0.000000, 10.000000, 0.050000, 180)",Float,1,RO,100,,,,,,,,,,Turbine5-10,
AS-TBN40-39,"SINE (10, 0.000000, 10.000000, 0.050000, 180)",Float,1,RO,100,,,,,,,,,,Turbine50-1,
AS-TBN40-38,"SINE (10, 0.000000, 10.000000, 0.050000, 180)",Float,1,RO,100,,,,,,,,,,Turbine50-10,
AS-TBN40-37,"SINE (10, 0.000000, 10.000000, 0.050000, 180)",Float,1,RO,100,,,,,,,,,,Turbine50-9,
AS-TBN40-36,"SINE (10, 0.000000, 10.000000, 0.050000, 180)",Float,1,RO,100,,,,,,,,,,Turbine50-8,
AS-TBN40-35,"SINE (10, 0.000000, 10.000000, 0.050000, 180)",Float,1,RO,100,,,,,,,,,,Turbine50-7,
AS-TBN40-34,"SINE (10, 0.000000, 10.000000, 0.050000, 180)",Float,1,RO,100,,,,,,,,,,Turbine50-6,
AS-TBN40-33,"SINE (10, 0.000000, 10.000000, 0.050000, 180)",Float,1,RO,100,,,,,,,,,,Turbine50-5,
AS-TBN40-32,"SINE (10, 0.000000, 10.000000, 0.050000, 180)",Float,1,RO,100,,,,,,,,,,Turbine50-4,
AS-TBN40-31,"SINE (10, 0.000000, 10.000000, 0.050000, 180)",Float,1,RO,100,,,,,,,,,,Turbine50-3,
AS-TBN40-30,"SINE (10, 0.000000, 10.000000, 0.050000, 180)",Float,1,RO,100,,,,,,,,,,Turbine50-2,
AS-TBN40-29,"SINE (10, 0.000000, 10.000000, 0.050000, 180)",Float,1,RO,100,,,,,,,,,,Turbine51-1,
AS-TBN40-28,"SINE (10, 0.000000, 10.000000, 0.050000, 180)",Float,1,RO,100,,,,,,,,,,Turbine51-10,
AS-TBN40-27,"SINE (10, 0.000000, 10.000000, 0.050000, 180)",Float,1,RO,100,,,,,,,,,,Turbine51-9,
AS-TBN40-26,"SINE (10, 0.000000, 10.000000, 0.050000, 180)",Float,1,RO,100,,,,,,,,,,Turbine51-8,
AS-TBN40-25,"SINE (10, 0.000000, 10.000000, 0.050000, 180)",Float,1,RO,100,,,,,,,,,,Turbine51-7,
AS-TBN40-24,"SINE (10, 0.000000, 10.000000, 0.050000, 180)",Float,1,RO,100,,,,,,,,,,Turbine51-6,
AS-TBN40-23,"SINE (10, 0.000000, 10.000000, 0.050000, 180)",Float,1,RO,100,,,,,,,,,,Turbine51-5,
AS-TBN40-22,"SINE (10, 0.000000, 10.000000, 0.050000, 180)",Float,1,RO,100,,,,,,,,,,Turbine51-4,
AS-TBN40-21,"SINE (10, 0.000000, 10.000000, 0.050000, 180)",Float,1,RO,100,,,,,,,,,,Turbine51-3,
AS-TBN40-100,"SINE (10, 0.000000, 10.000000, 0.050000, 180)",Float,1,RO,100,,,,,,,,,,Turbine51-2,
AS-TBN40-99,"SINE (10, 0.000000, 10.000000, 0.050000, 180)",Float,1,RO,100,,,,,,,,,,Turbine52-1,
AS-TBN40-20,"SINE (10, 0.000000, 10.000000, 0.050000, 180)",Float,1,RO,100,,,,,,,,,,Turbine52-10,
AS-TBN40-19,"SINE (10, 0.000000, 10.000000, 0.050000, 180)",Float,1,RO,100,,,,,,,,,,Turbine52-9,
AS-TBN40-18,"SINE (10, 0.000000, 10.000000, 0.050000, 180)",Float,1,RO,100,,,,,,,,,,Turbine52-8,
AS-TBN40-17,"SINE (10, 0.000000, 10.000000, 0.050000, 180)",Float,1,RO,100,,,,,,,,,,Turbine52-7,
AS-TBN40-16,"SINE (10, 0.000000, 10.000000, 0.050000, 180)",Float,1,RO,100,,,,,,,,,,Turbine52-6,
AS-TBN40-15,"SINE (10, 0.000000, 10.000000, 0.050000, 180)",Float,1,RO,100,,,,,,,,,,Turbine52-5,
AS-TBN40-14,"SINE (10, 0.000000, 10.000000, 0.050000, 180)",Float,1,RO,100,,,,,,,,,,Turbine52-4,
AS-TBN40-13,"SINE (10, 0.000000, 10.000000, 0.050000, 180)",Float,1,RO,100,,,,,,,,,,Turbine52-3,
AS-TBN40-12,"SINE (10, 0.000000, 10.000000, 0.050000, 180)",Float,1,RO,100,,,,,,,,,,Turbine52-2,
AS-TBN40-11,"SINE (10, 0.000000, 10.000000, 0.050000, 180)",Float,1,RO,100,,,,,,,,,,Turbine53-1,
AS-TBN40-10,"SINE (10, 0.000000, 10.000000, 0.050000, 180)",Float,1,RO,100,,,,,,,,,,Turbine53-10,
AS-TBN40-9,"SINE (10, 0.000000, 10.000000, 0.050000, 180)",Float,1,RO,100,,,,,,,,,,Turbine53-9,
AS-TBN40-8,"SINE (10, 0.000000, 10.000000, 0.050000, 180)",Float,1,RO,100,,,,,,,,,,Turbine53-8,
AS-TBN40-7,"SINE (10, 0.000000, 10.000000, 0.050000, 180)",Float,1,RO,100,,,,,,,,,,Turbine53-7,
AS-TBN40-6,"SINE (10, 0.000000, 10.000000, 0.050000, 180)",Float,1,RO,100,,,,,,,,,,Turbine53-6,
AS-TBN40-5,"SINE (10, 0.000000, 10.000000, 0.050000, 180)",Float,1,RO,100,,,,,,,,,,Turbine53-5,
AS-TBN40-4,"SINE (10, 0.000000, 10.000000, 0.050000, 180)",Float,1,RO,100,,,,,,,,,,Turbine53-4,
AS-TBN40-3,"SINE (10, 0.000000, 10.000000, 0.050000, 180)",Float,1,RO,100,,,,,,,,,,Turbine53-3,
AS-TBN40-2,"SINE (10, 0.000000, 10.000000, 0.050000, 180)",Float,1,RO,100,,,,,,,,,,Turbine53-2,
AS-TBN41-1,"SINE (10, 0.000000, 10.000000, 0.050000, 180)",Float,1,RO,100,,,,,,,,,,Turbine54-1,
AS-TBN41-100,"SINE (10, 0.000000, 10.000000, 0.050000, 180)",Float,1,RO,100,,,,,,,,,,Turbine54-10,
AS-TBN41-99,"SINE (10, 0.000000, 10.000000, 0.050000, 180)",Float,1,RO,100,,,,,,,,,,Turbine54-9,
AS-TBN41-98,"SINE (10, 0.000000, 10.000000, 0.050000, 180)",Float,1,RO,100,,,,,,,,,,Turbine54-8,
AS-TBN41-97,"SINE (10, 0.000000, 10.000000, 0.050000, 180)",Float,1,RO,100,,,,,,,,,,Turbine54-7,
AS-TBN41-96,"SINE (10, 0.000000, 10.000000, 0.050000, 180)",Float,1,RO,100,,,,,,,,,,Turbine54-6,
AS-TBN41-95,"SINE (10, 0.000000, 10.000000, 0.050000, 180)",Float,1,RO,100,,,,,,,,,,Turbine54-5,
AS-TBN41-94,"SINE (10, 0.000000, 10.000000, 0.050000, 180)",Float,1,RO,100,,,,,,,,,,Turbine54-4,
AS-TBN41-93,"SINE (10, 0.000000, 10.000000, 0.050000, 180)",Float,1,RO,100,,,,,,,,,,Turbine54-3,
AS-TBN41-92,"SINE (10, 0.000000, 10.000000, 0.050000, 180)",Float,1,RO,100,,,,,,,,,,Turbine54-2,
AS-TBN41-91,"SINE (10, 0.000000, 10.000000, 0.050000, 180)",Float,1,RO,100,,,,,,,,,,Turbine55-1,
AS-TBN41-90,"SINE (10, 0.000000, 10.000000, 0.050000, 180)",Float,1,RO,100,,,,,,,,,,Turbine55-10,
AS-TBN41-89,"SINE (10, 0.000000, 10.000000, 0.050000, 180)",Float,1,RO,100,,,,,,,,,,Turbine55-9,
AS-TBN41-88,"SINE (10, 0.000000, 10.000000, 0.050000, 180)",Float,1,RO,100,,,,,,,,,,Turbine55-8,
AS-TBN41-87,"SINE (10, 0.000000, 10.000000, 0.050000, 180)",Float,1,RO,100,,,,,,,,,,Turbine55-7,
AS-TBN41-86,"SINE (10, 0.000000, 10.000000, 0.050000, 180)",Float,1,RO,100,,,,,,,,,,Turbine55-6,
AS-TBN41-85,"SINE (10, 0.000000, 10.000000, 0.050000, 180)",Float,1,RO,100,,,,,,,,,,Turbine55-5,
AS-TBN41-84,"SINE (10, 0.000000, 10.000000, 0.050000, 180)",Float,1,RO,100,,,,,,,,,,Turbine55-4,
AS-TBN41-83,"SINE (10, 0.000000, 10.000000, 0.050000, 180)",Float,1,RO,100,,,,,,,,,,Turbine55-3,
AS-TBN41-82,"SINE (10, 0.000000, 10.000000, 0.050000, 180)",Float,1,RO,100,,,,,,,,,,Turbine55-2,
AS-TBN41-81,"SINE (10, 0.000000, 10.000000, 0.050000, 180)",Float,1,RO,100,,,,,,,,,,Turbine56-1,
AS-TBN41-80,"SINE (10, 0.000000, 10.000000, 0.050000, 180)",Float,1,RO,100,,,,,,,,,,Turbine56-10,
AS-TBN41-79,"SINE (10, 0.000000, 10.000000, 0.050000, 180)",Float,1,RO,100,,,,,,,,,,Turbine56-9,
AS-TBN41-78,"SINE (10, 0.000000, 10.000000, 0.050000, 180)",Float,1,RO,100,,,,,,,,,,Turbine56-8,
AS-TBN41-77,"SINE (10, 0.000000, 10.000000, 0.050000, 180)",Float,1,RO,100,,,,,,,,,,Turbine56-7,
AS-TBN41-76,"SINE (10, 0.000000, 10.000000, 0.050000, 180)",Float,1,RO,100,,,,,,,,,,Turbine56-6,
AS-TBN41-75,"SINE (10, 0.000000, 10.000000, 0.050000, 180)",Float,1,RO,100,,,,,,,,,,Turbine56-5,
AS-TBN41-74,"SINE (10, 0.000000, 10.000000, 0.050000, 180)",Float,1,RO,100,,,,,,,,,,Turbine56-4,
AS-TBN41-73,"SINE (10, 0.000000, 10.000000, 0.050000, 180)",Float,1,RO,100,,,,,,,,,,Turbine56-3,
AS-TBN41-72,"SINE (10, 0.000000, 10.000000, 0.050000, 180)",Float,1,RO,100,,,,,,,,,,Turbine56-2,
AS-TBN41-71,"SINE (10, 0.000000, 10.000000, 0.050000, 180)",Float,1,RO,100,,,,,,,,,,Turbine57-1,
AS-TBN41-70,"SINE (10, 0.000000, 10.000000, 0.050000, 180)",Float,1,RO,100,,,,,,,,,,Turbine57-10,
AS-TBN41-69,"SINE (10, 0.000000, 10.000000, 0.050000, 180)",Float,1,RO,100,,,,,,,,,,Turbine57-9,
AS-TBN41-68,"SINE (10, 0.000000, 10.000000, 0.050000, 180)",Float,1,RO,100,,,,,,,,,,Turbine57-8,
AS-TBN41-67,"SINE (10, 0.000000, 10.000000, 0.050000, 180)",Float,1,RO,100,,,,,,,,,,Turbine57-7,
AS-TBN41-66,"SINE (10, 0.000000, 10.000000, 0.050000, 180)",Float,1,RO,100,,,,,,,,,,Turbine57-6,
AS-TBN41-65,"SINE (10, 0.000000, 10.000000, 0.050000, 180)",Float,1,RO,100,,,,,,,,,,Turbine57-5,
AS-TBN41-64,"SINE (10, 0.000000, 10.000000, 0.050000, 180)",Float,1,RO,100,,,,,,,,,,Turbine57-4,
AS-TBN41-63,"SINE (10, 0.000000, 10.000000, 0.050000, 180)",Float,1,RO,100,,,,,,,,,,Turbine57-3,
AS-TBN41-62,"SINE (10, 0.000000, 10.000000, 0.050000, 180)",Float,1,RO,100,,,,,,,,,,Turbine57-2,
AS-TBN41-61,"SINE (10, 0.000000, 10.000000, 0.050000, 180)",Float,1,RO,100,,,,,,,,,,Turbine58-1,
AS-TBN41-60,"SINE (10, 0.000000, 10.000000, 0.050000, 180)",Float,1,RO,100,,,,,,,,,,Turbine58-10,
AS-TBN41-59,"SINE (10, 0.000000, 10.000000, 0.050000, 180)",Float,1,RO,100,,,,,,,,,,Turbine58-9,
AS-TBN41-58,"SINE (10, 0.000000, 10.000000, 0.050000, 180)",Float,1,RO,100,,,,,,,,,,Turbine58-8,
AS-TBN41-57,"SINE (10, 0.000000, 10.000000, 0.050000, 180)",Float,1,RO,100,,,,,,,,,,Turbine58-7,
AS-TBN41-56,"SINE (10, 0.000000, 10.000000, 0.050000, 180)",Float,1,RO,100,,,,,,,,,,Turbine58-6,
AS-TBN41-55,"SINE (10, 0.000000, 10.000000, 0.050000, 180)",Float,1,RO,100,,,,,,,,,,Turbine58-5,
AS-TBN41-54,"SINE (10, 0.000000, 10.000000, 0.050000, 180)",Float,1,RO,100,,,,,,,,,,Turbine58-4,
AS-TBN41-53,"SINE (10, 0.000000, 10.000000, 0.050000, 180)",Float,1,RO,100,,,,,,,,,,Turbine58-3,
AS-TBN41-52,"SINE (10, 0.000000, 10.000000, 0.050000, 180)",Float,1,RO,100,,,,,,,,,,Turbine58-2,
AS-TBN41-51,"SINE (10, 0.000000, 10.000000, 0.050000, 180)",Float,1,RO,100,,,,,,,,,,Turbine59-1,
AS-TBN41-50,"SINE (10, 0.000000, 10.000000, 0.050000, 180)",Float,1,RO,100,,,,,,,,,,Turbine59-10,
AS-TBN41-49,"SINE (10, 0.000000, 10.000000, 0.050000, 180)",Float,1,RO,100,,,,,,,,,,Turbine59-9,
AS-TBN41-48,"SINE (10, 0.000000, 10.000000, 0.050000, 180)",Float,1,RO,100,,,,,,,,,,Turbine59-8,
AS-TBN41-47,"SINE (10, 0.000000, 10.000000, 0.050000, 180)",Float,1,RO,100,,,,,,,,,,Turbine59-7,
AS-TBN41-46,"SINE (10, 0.000000, 10.000000, 0.050000, 180)",Float,1,RO,100,,,,,,,,,,Turbine59-6,
AS-TBN41-45,"SINE (10, 0.000000, 10.000000, 0.050000, 180)",Float,1,RO,100,,,,,,,,,,Turbine59-5,
AS-TBN41-44,"SINE (10, 0.000000, 10.000000, 0.050000, 180)",Float,1,RO,100,,,,,,,,,,Turbine59-4,
AS-TBN41-43,"SINE (10, 0.000000, 10.000000, 0.050000, 180)",Float,1,RO,100,,,,,,,,,,Turbine59-3,
AS-TBN41-42,"SINE (10, 0.000000, 10.000000, 0.050000, 180)",Float,1,RO,100,,,,,,,,,,Turbine59-2,
AS-TBN41-41,"SINE (10, 0.000000, 10.000000, 0.050000, 180)",Float,1,RO,100,,,,,,,,,,Turbine6-1,
AS-TBN41-40,"SINE (10, 0.000000, 10.000000, 0.050000, 180)",Float,1,RO,100,,,,,,,,,,Turbine6-2,
AS-TBN41-39,"SINE (10, 0.000000, 10.000000, 0.050000, 180)",Float,1,RO,100,,,,,,,,,,Turbine6-3,
AS-TBN41-38,"SINE (10, 0.000000, 10.000000, 0.050000, 180)",Float,1,RO,100,,,,,,,,,,Turbine6-4,
AS-TBN41-37,"SINE (10, 0.000000, 10.000000, 0.050000, 180)",Float,1,RO,100,,,,,,,,,,Turbine6-5,
AS-TBN41-36,"SINE (10, 0.000000, 10.000000, 0.050000, 180)",Float,1,RO,100,,,,,,,,,,Turbine6-6,
AS-TBN41-35,"SINE (10, 0.000000, 10.000000, 0.050000, 180)",Float,1,RO,100,,,,,,,,,,Turbine6-7,
AS-TBN41-34,"SINE (10, 0.000000, 10.000000, 0.050000, 180)",Float,1,RO,100,,,,,,,,,,Turbine6-8,
AS-TBN41-33,"SINE (10, 0.000000, 10.000000, 0.050000, 180)",Float,1,RO,100,,,,,,,,,,Turbine6-9,
AS-TBN41-32,"SINE (10, 0.000000, 10.000000, 0.050000, 180)",Float,1,RO,100,,,,,,,,,,Turbine6-10,
AS-TBN41-31,"SINE (10, 0.000000, 10.000000, 0.050000, 180)",Float,1,RO,100,,,,,,,,,,Turbine60-1,
AS-TBN41-30,"SINE (10, 0.000000, 10.000000, 0.050000, 180)",Float,1,RO,100,,,,,,,,,,Turbine60-10,
AS-TBN41-29,"SINE (10, 0.000000, 10.000000, 0.050000, 180)",Float,1,RO,100,,,,,,,,,,Turbine60-9,
AS-TBN41-28,"SINE (10, 0.000000, 10.000000, 0.050000, 180)",Float,1,RO,100,,,,,,,,,,Turbine60-8,
AS-TBN41-27,"SINE (10, 0.000000, 10.000000, 0.050000, 180)",Float,1,RO,100,,,,,,,,,,Turbine60-7,
AS-TBN41-26,"SINE (10, 0.000000, 10.000000, 0.050000, 180)",Float,1,RO,100,,,,,,,,,,Turbine60-6,
AS-TBN41-25,"SINE (10, 0.000000, 10.000000, 0.050000, 180)",Float,1,RO,100,,,,,,,,,,Turbine60-5,
AS-TBN41-24,"SINE (10, 0.000000, 10.000000, 0.050000, 180)",Float,1,RO,100,,,,,,,,,,Turbine60-4,
AS-TBN41-23,"SINE (10, 0.000000, 10.000000, 0.050000, 180)",Float,1,RO,100,,,,,,,,,,Turbine60-3,
AS-TBN41-22,"SINE (10, 0.000000, 10.000000, 0.050000, 180)",Float,1,RO,100,,,,,,,,,,Turbine60-2,
AS-TBN41-21,"SINE (10, 0.000000, 10.000000, 0.050000, 180)",Float,1,RO,100,,,,,,,,,,Turbine61-1,
AS-TBN41-20,"SINE (10, 0.000000, 10.000000, 0.050000, 180)",Float,1,RO,100,,,,,,,,,,Turbine61-10,
AS-TBN41-19,"SINE (10, 0.000000, 10.000000, 0.050000, 180)",Float,1,RO,100,,,,,,,,,,Turbine61-9,
AS-TBN41-18,"SINE (10, 0.000000, 10.000000, 0.050000, 180)",Float,1,RO,100,,,,,,,,,,Turbine61-8,
AS-TBN41-17,"SINE (10, 0.000000, 10.000000, 0.050000, 180)",Float,1,RO,100,,,,,,,,,,Turbine61-7,
AS-TBN41-16,"SINE (10, 0.000000, 10.000000, 0.050000, 180)",Float,1,RO,100,,,,,,,,,,Turbine61-6,
AS-TBN41-15,"SINE (10, 0.000000, 10.000000, 0.050000, 180)",Float,1,RO,100,,,,,,,,,,Turbine61-5,
AS-TBN41-14,"SINE (10, 0.000000, 10.000000, 0.050000, 180)",Float,1,RO,100,,,,,,,,,,Turbine61-4,
AS-TBN41-13,"SINE (10, 0.000000, 10.000000, 0.050000, 180)",Float,1,RO,100,,,,,,,,,,Turbine61-3,
AS-TBN41-12,"SINE (10, 0.000000, 10.000000, 0.050000, 180)",Float,1,RO,100,,,,,,,,,,Turbine61-2,
AS-TBN41-11,"SINE (10, 0.000000, 10.000000, 0.050000, 180)",Float,1,RO,100,,,,,,,,,,Turbine62-1,
AS-TBN41-10,"SINE (10, 0.000000, 10.000000, 0.050000, 180)",Float,1,RO,100,,,,,,,,,,Turbine62-10,
AS-TBN41-9,"SINE (10, 0.000000, 10.000000, 0.050000, 180)",Float,1,RO,100,,,,,,,,,,Turbine62-9,
AS-TBN41-8,"SINE (10, 0.000000, 10.000000, 0.050000, 180)",Float,1,RO,100,,,,,,,,,,Turbine62-8,
AS-TBN41-7,"SINE (10, 0.000000, 10.000000, 0.050000, 180)",Float,1,RO,100,,,,,,,,,,Turbine62-7,
AS-TBN41-6,"SINE (10, 0.000000, 10.000000, 0.050000, 180)",Float,1,RO,100,,,,,,,,,,Turbine62-6,
AS-TBN41-5,"SINE (10, 0.000000, 10.000000, 0.050000, 180)",Float,1,RO,100,,,,,,,,,,Turbine62-5,
AS-TBN41-4,"SINE (10, 0.000000, 10.000000, 0.050000, 180)",Float,1,RO,100,,,,,,,,,,Turbine62-4,
AS-TBN41-3,"SINE (10, 0.000000, 10.000000, 0.050000, 180)",Float,1,RO,100,,,,,,,,,,Turbine62-3,
AS-TBN41-2,"SINE (10, 0.000000, 10.000000, 0.050000, 180)",Float,1,RO,100,,,,,,,,,,Turbine62-2,
AS-TBN42-56,"SINE (10, 0.000000, 10.000000, 0.050000, 180)",Float,1,RO,100,,,,,,,,,,Turbine63-1,
AS-TBN42-55,"SINE (10, 0.000000, 10.000000, 0.050000, 180)",Float,1,RO,100,,,,,,,,,,Turbine63-10,
AS-TBN42-54,"SINE (10, 0.000000, 10.000000, 0.050000, 180)",Float,1,RO,100,,,,,,,,,,Turbine63-9,
AS-TBN42-53,"SINE (10, 0.000000, 10.000000, 0.050000, 180)",Float,1,RO,100,,,,,,,,,,Turbine63-8,
AS-TBN42-52,"SINE (10, 0.000000, 10.000000, 0.050000, 180)",Float,1,RO,100,,,,,,,,,,Turbine63-7,
AS-TBN42-51,"SINE (10, 0.000000, 10.000000, 0.050000, 180)",Float,1,RO,100,,,,,,,,,,Turbine63-6,
AS-TBN42-50,"SINE (10, 0.000000, 10.000000, 0.050000, 180)",Float,1,RO,100,,,,,,,,,,Turbine63-5,
AS-TBN42-49,"SINE (10, 0.000000, 10.000000, 0.050000, 180)",Float,1,RO,100,,,,,,,,,,Turbine63-4,
AS-TBN42-48,"SINE (10, 0.000000, 10.000000, 0.050000, 180)",Float,1,RO,100,,,,,,,,,,Turbine63-3,
AS-TBN42-47,"SINE (10, 0.000000, 10.000000, 0.050000, 180)",Float,1,RO,100,,,,,,,,,,Turbine63-2,
AS-TBN42-46,"SINE (10, 0.000000, 10.000000, 0.050000, 180)",Float,1,RO,100,,,,,,,,,,Turbine64-1,
AS-TBN42-45,"SINE (10, 0.000000, 10.000000, 0.050000, 180)",Float,1,RO,100,,,,,,,,,,Turbine64-10,
AS-TBN42-44,"SINE (10, 0.000000, 10.000000, 0.050000, 180)",Float,1,RO,100,,,,,,,,,,Turbine64-9,
AS-TBN42-43,"SINE (10, 0.000000, 10.000000, 0.050000, 180)",Float,1,RO,100,,,,,,,,,,Turbine64-8,
AS-TBN42-42,"SINE (10, 0.000000, 10.000000, 0.050000, 180)",Float,1,RO,100,,,,,,,,,,Turbine64-7,
AS-TBN42-41,"SINE (10, 0.000000, 10.000000, 0.050000, 180)",Float,1,RO,100,,,,,,,,,,Turbine64-6,
AS-TBN42-40,"SINE (10, 0.000000, 10.000000, 0.050000, 180)",Float,1,RO,100,,,,,,,,,,Turbine64-5,
AS-TBN42-39,"SINE (10, 0.000000, 10.000000, 0.050000, 180)",Float,1,RO,100,,,,,,,,,,Turbine64-4,
AS-TBN42-38,"SINE (10, 0.000000, 10.000000, 0.050000, 180)",Float,1,RO,100,,,,,,,,,,Turbine64-3,
AS-TBN42-37,"SINE (10, 0.000000, 10.000000, 0.050000, 180)",Float,1,RO,100,,,,,,,,,,Turbine64-2,
AS-TBN42-36,"SINE (10, 0.000000, 10.000000, 0.050000, 180)",Float,1,RO,100,,,,,,,,,,Turbine65-1,
AS-TBN42-35,"SINE (10, 0.000000, 10.000000, 0.050000, 180)",Float,1,RO,100,,,,,,,,,,Turbine65-10,
AS-TBN42-34,"SINE (10, 0.000000, 10.000000, 0.050000, 180)",Float,1,RO,100,,,,,,,,,,Turbine65-9,
AS-TBN42-33,"SINE (10, 0.000000, 10.000000, 0.050000, 180)",Float,1,RO,100,,,,,,,,,,Turbine65-8,
AS-TBN42-32,"SINE (10, 0.000000, 10.000000, 0.050000, 180)",Float,1,RO,100,,,,,,,,,,Turbine65-7,
AS-TBN42-31,"SINE (10, 0.000000, 10.000000, 0.050000, 180)",Float,1,RO,100,,,,,,,,,,Turbine65-6,
AS-TBN42-30,"SINE (10, 0.000000, 10.000000, 0.050000, 180)",Float,1,RO,100,,,,,,,,,,Turbine65-5,
AS-TBN42-29,"SINE (10, 0.000000, 10.000000, 0.050000, 180)",Float,1,RO,100,,,,,,,,,,Turbine65-4,
AS-TBN42-28,"SINE (10, 0.000000, 10.000000, 0.050000, 180)",Float,1,RO,100,,,,,,,,,,Turbine65-3,
AS-TBN42-27,"SINE (10, 0.000000, 10.000000, 0.050000, 180)",Float,1,RO,100,,,,,,,,,,Turbine65-2,
AS-TBN42-26,"SINE (10, 0.000000, 10.000000, 0.050000, 180)",Float,1,RO,100,,,,,,,,,,Turbine66-1,
AS-TBN42-25,"SINE (10, 0.000000, 10.000000, 0.050000, 180)",Float,1,RO,100,,,,,,,,,,Turbine66-10,
AS-TBN42-24,"SINE (10, 0.000000, 10.000000, 0.050000, 180)",Float,1,RO,100,,,,,,,,,,Turbine66-9,
AS-TBN42-23,"SINE (10, 0.000000, 10.000000, 0.050000, 180)",Float,1,RO,100,,,,,,,,,,Turbine66-8,
AS-TBN42-22,"SINE (10, 0.000000, 10.000000, 0.050000, 180)",Float,1,RO,100,,,,,,,,,,Turbine66-7,
AS-TBN42-21,"SINE (10, 0.000000, 10.000000, 0.050000, 180)",Float,1,RO,100,,,,,,,,,,Turbine66-6,
AS-TBN42-20,"SINE (10, 0.000000, 10.000000, 0.050000, 180)",Float,1,RO,100,,,,,,,,,,Turbine66-5,
AS-TBN42-19,"SINE (10, 0.000000, 10.000000, 0.050000, 180)",Float,1,RO,100,,,,,,,,,,Turbine66-4,
AS-TBN42-18,"SINE (10, 0.000000, 10.000000, 0.050000, 180)",Float,1,RO,100,,,,,,,,,,Turbine66-3,
AS-TBN42-17,"SINE (10, 0.000000, 10.000000, 0.050000, 180)",Float,1,RO,100,,,,,,,,,,Turbine66-2,
AS-TBN42-16,"SINE (10, 0.000000, 10.000000, 0.050000, 180)",Float,1,RO,100,,,,,,,,,,Turbine67-1,
AS-TBN42-15,"SINE (10, 0.000000, 10.000000, 0.050000, 180)",Float,1,RO,100,,,,,,,,,,Turbine67-10,
AS-TBN42-14,"SINE (10, 0.000000, 10.000000, 0.050000, 180)",Float,1,RO,100,,,,,,,,,,Turbine67-9,
AS-TBN42-13,"SINE (10, 0.000000, 10.000000, 0.050000, 180)",Float,1,RO,100,,,,,,,,,,Turbine67-8,
AS-TBN42-12,"SINE (10, 0.000000, 10.000000, 0.050000, 180)",Float,1,RO,100,,,,,,,,,,Turbine67-7,
AS-TBN42-11,"SINE (10, 0.000000, 10.000000, 0.050000, 180)",Float,1,RO,100,,,,,,,,,,Turbine67-6,
AS-TBN42-10,"SINE (10, 0.000000, 10.000000, 0.050000, 180)",Float,1,RO,100,,,,,,,,,,Turbine67-5,
AS-TBN42-9,"SINE (10, 0.000000, 10.000000, 0.050000, 180)",Float,1,RO,100,,,,,,,,,,Turbine67-4,
AS-TBN42-8,"SINE (10, 0.000000, 10.000000, 0.050000, 180)",Float,1,RO,100,,,,,,,,,,Turbine67-3,
AS-TBN42-7,"SINE (10, 0.000000, 10.000000, 0.050000, 180)",Float,1,RO,100,,,,,,,,,,Turbine67-2,
AS-TBN42-6,"SINE (10, 0.000000, 10.000000, 0.050000, 180)",Float,1,RO,100,,,,,,,,,,Turbine68-1,
AS-TBN42-5,"SINE (10, 0.000000, 10.000000, 0.050000, 180)",Float,1,RO,100,,,,,,,,,,Turbine68-10,
AS-TBN42-4,"SINE (10, 0.000000, 10.000000, 0.050000, 180)",Float,1,RO,100,,,,,,,,,,Turbine68-9,
AS-TBN42-3,"SINE (10, 0.000000, 10.000000, 0.050000, 180)",Float,1,RO,100,,,,,,,,,,Turbine68-8,
AS-TBN42-2,"SINE (10, 0.000000, 10.000000, 0.050000, 180)",Float,1,RO,100,,,,,,,,,,Turbine68-7,
AS-TBN42-1,"SINE (10, 0.000000, 10.000000, 0.050000, 180)",Float,1,RO,100,,,,,,,,,,Turbine68-6,
AS-TBN42-100,"SINE (10, 0.000000, 10.000000, 0.050000, 180)",Float,1,RO,100,,,,,,,,,,Turbine68-5,
AS-TBN42-99,"SINE (10, 0.000000, 10.000000, 0.050000, 180)",Float,1,RO,100,,,,,,,,,,Turbine68-4,
AS-TBN42-98,"SINE (10, 0.000000, 10.000000, 0.050000, 180)",Float,1,RO,100,,,,,,,,,,Turbine68-3,
AS-TBN42-97,"SINE (10, 0.000000, 10.000000, 0.050000, 180)",Float,1,RO,100,,,,,,,,,,Turbine68-2,
AS-TBN42-96,"SINE (10, 0.000000, 10.000000, 0.050000, 180)",Float,1,RO,100,,,,,,,,,,Turbine69-1,
AS-TBN42-95,"SINE (10, 0.000000, 10.000000, 0.050000, 180)",Float,1,RO,100,,,,,,,,,,Turbine69-10,
AS-TBN42-94,"SINE (10, 0.000000, 10.000000, 0.050000, 180)",Float,1,RO,100,,,,,,,,,,Turbine69-9,
AS-TBN42-93,"SINE (10, 0.000000, 10.000000, 0.050000, 180)",Float,1,RO,100,,,,,,,,,,Turbine69-8,
AS-TBN42-92,"SINE (10, 0.000000, 10.000000, 0.050000, 180)",Float,1,RO,100,,,,,,,,,,Turbine69-7,
AS-TBN42-91,"SINE (10, 0.000000, 10.000000, 0.050000, 180)",Float,1,RO,100,,,,,,,,,,Turbine69-6,
AS-TBN42-90,"SINE (10, 0.000000, 10.000000, 0.050000, 180)",Float,1,RO,100,,,,,,,,,,Turbine69-5,
AS-TBN42-89,"SINE (10, 0.000000, 10.000000, 0.050000, 180)",Float,1,RO,100,,,,,,,,,,Turbine69-4,
AS-TBN42-88,"SINE (10, 0.000000, 10.000000, 0.050000, 180)",Float,1,RO,100,,,,,,,,,,Turbine69-3,
AS-TBN42-87,"SINE (10, 0.000000, 10.000000, 0.050000, 180)",Float,1,RO,100,,,,,,,,,,Turbine69-2,
AS-TBN42-86,"SINE (10, 0.000000, 10.000000, 0.050000, 180)",Float,1,RO,100,,,,,,,,,,Turbine7-1,
AS-TBN42-85,"SINE (10, 0.000000, 10.000000, 0.050000, 180)",Float,1,RO,100,,,,,,,,,,Turbine7-2,
AS-TBN42-84,"SINE (10, 0.000000, 10.000000, 0.050000, 180)",Float,1,RO,100,,,,,,,,,,Turbine7-3,
AS-TBN42-83,"SINE (10, 0.000000, 10.000000, 0.050000, 180)",Float,1,RO,100,,,,,,,,,,Turbine7-4,
AS-TBN42-82,"SINE (10, 0.000000, 10.000000, 0.050000, 180)",Float,1,RO,100,,,,,,,,,,Turbine7-5,
AS-TBN42-81,"SINE (10, 0.000000, 10.000000, 0.050000, 180)",Float,1,RO,100,,,,,,,,,,Turbine7-6,
AS-TBN42-80,"SINE (10, 0.000000, 10.000000, 0.050000, 180)",Float,1,RO,100,,,,,,,,,,Turbine7-7,
AS-TBN42-79,"SINE (10, 0.000000, 10.000000, 0.050000, 180)",Float,1,RO,100,,,,,,,,,,Turbine7-8,
AS-TBN42-78,"SINE (10, 0.000000, 10.000000, 0.050000, 180)",Float,1,RO,100,,,,,,,,,,Turbine7-9,
AS-TBN42-77,"SINE (10, 0.000000, 10.000000, 0.050000, 180)",Float,1,RO,100,,,,,,,,,,Turbine7-10,
AS-TBN42-76,"SINE (10, 0.000000, 10.000000, 0.050000, 180)",Float,1,RO,100,,,,,,,,,,Turbine70-1,
AS-TBN42-75,"SINE (10, 0.000000, 10.000000, 0.050000, 180)",Float,1,RO,100,,,,,,,,,,Turbine70-10,
AS-TBN42-74,"SINE (10, 0.000000, 10.000000, 0.050000, 180)",Float,1,RO,100,,,,,,,,,,Turbine70-9,
AS-TBN42-73,"SINE (10, 0.000000, 10.000000, 0.050000, 180)",Float,1,RO,100,,,,,,,,,,Turbine70-8,
AS-TBN42-72,"SINE (10, 0.000000, 10.000000, 0.050000, 180)",Float,1,RO,100,,,,,,,,,,Turbine70-7,
AS-TBN42-71,"SINE (10, 0.000000, 10.000000, 0.050000, 180)",Float,1,RO,100,,,,,,,,,,Turbine70-6,
AS-TBN42-70,"SINE (10, 0.000000, 10.000000, 0.050000, 180)",Float,1,RO,100,,,,,,,,,,Turbine70-5,
AS-TBN42-69,"SINE (10, 0.000000, 10.000000, 0.050000, 180)",Float,1,RO,100,,,,,,,,,,Turbine70-4,
AS-TBN42-68,"SINE (10, 0.000000, 10.000000, 0.050000, 180)",Float,1,RO,100,,,,,,,,,,Turbine70-3,
AS-TBN42-67,"SINE (10, 0.000000, 10.000000, 0.050000, 180)",Float,1,RO,100,,,,,,,,,,Turbine70-2,
AS-TBN42-66,"SINE (10, 0.000000, 10.000000, 0.050000, 180)",Float,1,RO,100,,,,,,,,,,Turbine71-1,
AS-TBN42-65,"SINE (10, 0.000000, 10.000000, 0.050000, 180)",Float,1,RO,100,,,,,,,,,,Turbine71-10,
AS-TBN42-64,"SINE (10, 0.000000, 10.000000, 0.050000, 180)",Float,1,RO,100,,,,,,,,,,Turbine71-9,
AS-TBN42-63,"SINE (10, 0.000000, 10.000000, 0.050000, 180)",Float,1,RO,100,,,,,,,,,,Turbine71-8,
AS-TBN42-62,"SINE (10, 0.000000, 10.000000, 0.050000, 180)",Float,1,RO,100,,,,,,,,,,Turbine71-7,
AS-TBN42-61,"SINE (10, 0.000000, 10.000000, 0.050000, 180)",Float,1,RO,100,,,,,,,,,,Turbine71-6,
AS-TBN42-60,"SINE (10, 0.000000, 10.000000, 0.050000, 180)",Float,1,RO,100,,,,,,,,,,Turbine71-5,
AS-TBN42-59,"SINE (10, 0.000000, 10.000000, 0.050000, 180)",Float,1,RO,100,,,,,,,,,,Turbine71-4,
AS-TBN42-58,"SINE (10, 0.000000, 10.000000, 0.050000, 180)",Float,1,RO,100,,,,,,,,,,Turbine71-3,
AS-TBN42-57,"SINE (10, 0.000000, 10.000000, 0.050000, 180)",Float,1,RO,100,,,,,,,,,,Turbine71-2,
AS-TBN43-1,"SINE (10, 0.000000, 10.000000, 0.050000, 180)",Float,1,RO,100,,,,,,,,,,Turbine72-1,
AS-TBN43-100,"SINE (10, 0.000000, 10.000000, 0.050000, 180)",Float,1,RO,100,,,,,,,,,,Turbine72-10,
AS-TBN43-99,"SINE (10, 0.000000, 10.000000, 0.050000, 180)",Float,1,RO,100,,,,,,,,,,Turbine72-9,
AS-TBN43-98,"SINE (10, 0.000000, 10.000000, 0.050000, 180)",Float,1,RO,100,,,,,,,,,,Turbine72-8,
AS-TBN43-97,"SINE (10, 0.000000, 10.000000, 0.050000, 180)",Float,1,RO,100,,,,,,,,,,Turbine72-7,
AS-TBN43-96,"SINE (10, 0.000000, 10.000000, 0.050000, 180)",Float,1,RO,100,,,,,,,,,,Turbine72-6,
AS-TBN43-95,"SINE (10, 0.000000, 10.000000, 0.050000, 180)",Float,1,RO,100,,,,,,,,,,Turbine72-5,
AS-TBN43-94,"SINE (10, 0.000000, 10.000000, 0.050000, 180)",Float,1,RO,100,,,,,,,,,,Turbine72-4,
AS-TBN43-93,"SINE (10, 0.000000, 10.000000, 0.050000, 180)",Float,1,RO,100,,,,,,,,,,Turbine72-3,
AS-TBN43-92,"SINE (10, 0.000000, 10.000000, 0.050000, 180)",Float,1,RO,100,,,,,,,,,,Turbine72-2,
AS-TBN43-91,"SINE (10, 0.000000, 10.000000, 0.050000, 180)",Float,1,RO,100,,,,,,,,,,Turbine73-1,
AS-TBN43-90,"SINE (10, 0.000000, 10.000000, 0.050000, 180)",Float,1,RO,100,,,,,,,,,,Turbine73-10,
AS-TBN43-89,"SINE (10, 0.000000, 10.000000, 0.050000, 180)",Float,1,RO,100,,,,,,,,,,Turbine73-9,
AS-TBN43-88,"SINE (10, 0.000000, 10.000000, 0.050000, 180)",Float,1,RO,100,,,,,,,,,,Turbine73-8,
AS-TBN43-87,"SINE (10, 0.000000, 10.000000, 0.050000, 180)",Float,1,RO,100,,,,,,,,,,Turbine73-7,
AS-TBN43-86,"SINE (10, 0.000000, 10.000000, 0.050000, 180)",Float,1,RO,100,,,,,,,,,,Turbine73-6,
AS-TBN43-85,"SINE (10, 0.000000, 10.000000, 0.050000, 180)",Float,1,RO,100,,,,,,,,,,Turbine73-5,
AS-TBN43-84,"SINE (10, 0.000000, 10.000000, 0.050000, 180)",Float,1,RO,100,,,,,,,,,,Turbine73-4,
AS-TBN43-83,"SINE (10, 0.000000, 10.000000, 0.050000, 180)",Float,1,RO,100,,,,,,,,,,Turbine73-3,
AS-TBN43-82,"SINE (10, 0.000000, 10.000000, 0.050000, 180)",Float,1,RO,100,,,,,,,,,,Turbine73-2,
AS-TBN43-81,"SINE (10, 0.000000, 10.000000, 0.050000, 180)",Float,1,RO,100,,,,,,,,,,Turbine74-1,
AS-TBN43-80,"SINE (10, 0.000000, 10.000000, 0.050000, 180)",Float,1,RO,100,,,,,,,,,,Turbine74-10,
AS-TBN43-79,"SINE (10, 0.000000, 10.000000, 0.050000, 180)",Float,1,RO,100,,,,,,,,,,Turbine74-9,
AS-TBN43-78,"SINE (10, 0.000000, 10.000000, 0.050000, 180)",Float,1,RO,100,,,,,,,,,,Turbine74-8,
AS-TBN43-77,"SINE (10, 0.000000, 10.000000, 0.050000, 180)",Float,1,RO,100,,,,,,,,,,Turbine74-7,
AS-TBN43-76,"SINE (10, 0.000000, 10.000000, 0.050000, 180)",Float,1,RO,100,,,,,,,,,,Turbine74-6,
AS-TBN43-75,"SINE (10, 0.000000, 10.000000, 0.050000, 180)",Float,1,RO,100,,,,,,,,,,Turbine74-5,
AS-TBN43-74,"SINE (10, 0.000000, 10.000000, 0.050000, 180)",Float,1,RO,100,,,,,,,,,,Turbine74-4,
AS-TBN43-73,"SINE (10, 0.000000, 10.000000, 0.050000, 180)",Float,1,RO,100,,,,,,,,,,Turbine74-3,
AS-TBN43-72,"SINE (10, 0.000000, 10.000000, 0.050000, 180)",Float,1,RO,100,,,,,,,,,,Turbine74-2,
AS-TBN43-71,"SINE (10, 0.000000, 10.000000, 0.050000, 180)",Float,1,RO,100,,,,,,,,,,Turbine75-1,
AS-TBN43-70,"SINE (10, 0.000000, 10.000000, 0.050000, 180)",Float,1,RO,100,,,,,,,,,,Turbine75-10,
AS-TBN43-69,"SINE (10, 0.000000, 10.000000, 0.050000, 180)",Float,1,RO,100,,,,,,,,,,Turbine75-9,
AS-TBN43-68,"SINE (10, 0.000000, 10.000000, 0.050000, 180)",Float,1,RO,100,,,,,,,,,,Turbine75-8,
AS-TBN43-67,"SINE (10, 0.000000, 10.000000, 0.050000, 180)",Float,1,RO,100,,,,,,,,,,Turbine75-7,
AS-TBN43-66,"SINE (10, 0.000000, 10.000000, 0.050000, 180)",Float,1,RO,100,,,,,,,,,,Turbine75-6,
AS-TBN43-65,"SINE (10, 0.000000, 10.000000, 0.050000, 180)",Float,1,RO,100,,,,,,,,,,Turbine75-5,
AS-TBN43-64,"SINE (10, 0.000000, 10.000000, 0.050000, 180)",Float,1,RO,100,,,,,,,,,,Turbine75-4,
AS-TBN43-63,"SINE (10, 0.000000, 10.000000, 0.050000, 180)",Float,1,RO,100,,,,,,,,,,Turbine75-3,
AS-TBN43-62,"SINE (10, 0.000000, 10.000000, 0.050000, 180)",Float,1,RO,100,,,,,,,,,,Turbine75-2,
AS-TBN43-61,"SINE (10, 0.000000, 10.000000, 0.050000, 180)",Float,1,RO,100,,,,,,,,,,Turbine76-1,
AS-TBN43-60,"SINE (10, 0.000000, 10.000000, 0.050000, 180)",Float,1,RO,100,,,,,,,,,,Turbine76-10,
AS-TBN43-59,"SINE (10, 0.000000, 10.000000, 0.050000, 180)",Float,1,RO,100,,,,,,,,,,Turbine76-9,
AS-TBN43-58,"SINE (10, 0.000000, 10.000000, 0.050000, 180)",Float,1,RO,100,,,,,,,,,,Turbine76-8,
AS-TBN43-57,"SINE (10, 0.000000, 10.000000, 0.050000, 180)",Float,1,RO,100,,,,,,,,,,Turbine76-7,
AS-TBN43-56,"SINE (10, 0.000000, 10.000000, 0.050000, 180)",Float,1,RO,100,,,,,,,,,,Turbine76-6,
AS-TBN43-55,"SINE (10, 0.000000, 10.000000, 0.050000, 180)",Float,1,RO,100,,,,,,,,,,Turbine76-5,
AS-TBN43-54,"SINE (10, 0.000000, 10.000000, 0.050000, 180)",Float,1,RO,100,,,,,,,,,,Turbine76-4,
AS-TBN43-53,"SINE (10, 0.000000, 10.000000, 0.050000, 180)",Float,1,RO,100,,,,,,,,,,Turbine76-3,
AS-TBN43-52,"SINE (10, 0.000000, 10.000000, 0.050000, 180)",Float,1,RO,100,,,,,,,,,,Turbine76-2,
AS-TBN43-51,"SINE (10, 0.000000, 10.000000, 0.050000, 180)",Float,1,RO,100,,,,,,,,,,Turbine77-1,
AS-TBN43-50,"SINE (10, 0.000000, 10.000000, 0.050000, 180)",Float,1,RO,100,,,,,,,,,,Turbine77-10,
AS-TBN43-49,"SINE (10, 0.000000, 10.000000, 0.050000, 180)",Float,1,RO,100,,,,,,,,,,Turbine77-9,
AS-TBN43-48,"SINE (10, 0.000000, 10.000000, 0.050000, 180)",Float,1,RO,100,,,,,,,,,,Turbine77-8,
AS-TBN43-47,"SINE (10, 0.000000, 10.000000, 0.050000, 180)",Float,1,RO,100,,,,,,,,,,Turbine77-7,
AS-TBN43-46,"SINE (10, 0.000000, 10.000000, 0.050000, 180)",Float,1,RO,100,,,,,,,,,,Turbine77-6,
AS-TBN43-45,"SINE (10, 0.000000, 10.000000, 0.050000, 180)",Float,1,RO,100,,,,,,,,,,Turbine77-5,
AS-TBN43-44,"SINE (10, 0.000000, 10.000000, 0.050000, 180)",Float,1,RO,100,,,,,,,,,,Turbine77-4,
AS-TBN43-43,"SINE (10, 0.000000, 10.000000, 0.050000, 180)",Float,1,RO,100,,,,,,,,,,Turbine77-3,
AS-TBN43-42,"SINE (10, 0.000000, 10.000000, 0.050000, 180)",Float,1,RO,100,,,,,,,,,,Turbine77-2,
AS-TBN43-41,"SINE (10, 0.000000, 10.000000, 0.050000, 180)",Float,1,RO,100,,,,,,,,,,Turbine78-1,
AS-TBN43-40,"SINE (10, 0.000000, 10.000000, 0.050000, 180)",Float,1,RO,100,,,,,,,,,,Turbine78-10,
AS-TBN43-39,"SINE (10, 0.000000, 10.000000, 0.050000, 180)",Float,1,RO,100,,,,,,,,,,Turbine78-9,
AS-TBN43-38,"SINE (10, 0.000000, 10.000000, 0.050000, 180)",Float,1,RO,100,,,,,,,,,,Turbine78-8,
AS-TBN43-37,"SINE (10, 0.000000, 10.000000, 0.050000, 180)",Float,1,RO,100,,,,,,,,,,Turbine78-7,
AS-TBN43-36,"SINE (10, 0.000000, 10.000000, 0.050000, 180)",Float,1,RO,100,,,,,,,,,,Turbine78-6,
AS-TBN43-35,"SINE (10, 0.000000, 10.000000, 0.050000, 180)",Float,1,RO,100,,,,,,,,,,Turbine78-5,
AS-TBN43-34,"SINE (10, 0.000000, 10.000000, 0.050000, 180)",Float,1,RO,100,,,,,,,,,,Turbine78-4,
AS-TBN43-33,"SINE (10, 0.000000, 10.000000, 0.050000, 180)",Float,1,RO,100,,,,,,,,,,Turbine78-3,
AS-TBN43-32,"SINE (10, 0.000000, 10.000000, 0.050000, 180)",Float,1,RO,100,,,,,,,,,,Turbine78-2,
AS-TBN43-31,"SINE (10, 0.000000, 10.000000, 0.050000, 180)",Float,1,RO,100,,,,,,,,,,Turbine79-1,
AS-TBN43-30,"SINE (10, 0.000000, 10.000000, 0.050000, 180)",Float,1,RO,100,,,,,,,,,,Turbine79-10,
AS-TBN43-29,"SINE (10, 0.000000, 10.000000, 0.050000, 180)",Float,1,RO,100,,,,,,,,,,Turbine79-9,
AS-TBN43-28,"SINE (10, 0.000000, 10.000000, 0.050000, 180)",Float,1,RO,100,,,,,,,,,,Turbine79-8,
AS-TBN43-27,"SINE (10, 0.000000, 10.000000, 0.050000, 180)",Float,1,RO,100,,,,,,,,,,Turbine79-7,
AS-TBN43-26,"SINE (10, 0.000000, 10.000000, 0.050000, 180)",Float,1,RO,100,,,,,,,,,,Turbine79-6,
AS-TBN43-25,"SINE (10, 0.000000, 10.000000, 0.050000, 180)",Float,1,RO,100,,,,,,,,,,Turbine79-5,
AS-TBN43-24,"SINE (10, 0.000000, 10.000000, 0.050000, 180)",Float,1,RO,100,,,,,,,,,,Turbine79-4,
AS-TBN43-23,"SINE (10, 0.000000, 10.000000, 0.050000, 180)",Float,1,RO,100,,,,,,,,,,Turbine79-3,
AS-TBN43-22,"SINE (10, 0.000000, 10.000000, 0.050000, 180)",Float,1,RO,100,,,,,,,,,,Turbine79-2,
AS-TBN43-21,"SINE (10, 0.000000, 10.000000, 0.050000, 180)",Float,1,RO,100,,,,,,,,,,Turbine8-1,
AS-TBN43-20,"SINE (10, 0.000000, 10.000000, 0.050000, 180)",Float,1,RO,100,,,,,,,,,,Turbine8-2,
AS-TBN43-19,"SINE (10, 0.000000, 10.000000, 0.050000, 180)",Float,1,RO,100,,,,,,,,,,Turbine8-3,
AS-TBN43-18,"SINE (10, 0.000000, 10.000000, 0.050000, 180)",Float,1,RO,100,,,,,,,,,,Turbine8-4,
AS-TBN43-17,"SINE (10, 0.000000, 10.000000, 0.050000, 180)",Float,1,RO,100,,,,,,,,,,Turbine8-5,
AS-TBN43-16,"SINE (10, 0.000000, 10.000000, 0.050000, 180)",Float,1,RO,100,,,,,,,,,,Turbine8-6,
AS-TBN43-15,"SINE (10, 0.000000, 10.000000, 0.050000, 180)",Float,1,RO,100,,,,,,,,,,Turbine8-7,
AS-TBN43-14,"SINE (10, 0.000000, 10.000000, 0.050000, 180)",Float,1,RO,100,,,,,,,,,,Turbine8-8,
AS-TBN43-13,"SINE (10, 0.000000, 10.000000, 0.050000, 180)",Float,1,RO,100,,,,,,,,,,Turbine8-9,
AS-TBN43-12,"SINE (10, 0.000000, 10.000000, 0.050000, 180)",Float,1,RO,100,,,,,,,,,,Turbine8-10,
AS-TBN43-11,"SINE (10, 0.000000, 10.000000, 0.050000, 180)",Float,1,RO,100,,,,,,,,,,Turbine80-1,
AS-TBN43-10,"SINE (10, 0.000000, 10.000000, 0.050000, 180)",Float,1,RO,100,,,,,,,,,,Turbine80-10,
AS-TBN43-9,"SINE (10, 0.000000, 10.000000, 0.050000, 180)",Float,1,RO,100,,,,,,,,,,Turbine80-9,
AS-TBN43-8,"SINE (10, 0.000000, 10.000000, 0.050000, 180)",Float,1,RO,100,,,,,,,,,,Turbine80-8,
AS-TBN43-7,"SINE (10, 0.000000, 10.000000, 0.050000, 180)",Float,1,RO,100,,,,,,,,,,Turbine80-7,
AS-TBN43-6,"SINE (10, 0.000000, 10.000000, 0.050000, 180)",Float,1,RO,100,,,,,,,,,,Turbine80-6,
AS-TBN43-5,"SINE (10, 0.000000, 10.000000, 0.050000, 180)",Float,1,RO,100,,,,,,,,,,Turbine80-5,
AS-TBN43-4,"SINE (10, 0.000000, 10.000000, 0.050000, 180)",Float,1,RO,100,,,,,,,,,,Turbine80-4,
AS-TBN43-3,"SINE (10, 0.000000, 10.000000, 0.050000, 180)",Float,1,RO,100,,,,,,,,,,Turbine80-3,
AS-TBN43-2,"SINE (10, 0.000000, 10.000000, 0.050000, 180)",Float,1,RO,100,,,,,,,,,,Turbine80-2,
AS-TBN44-1,"SINE (10, 0.000000, 10.000000, 0.050000, 180)",Float,1,RO,100,,,,,,,,,,Turbine81-1,
AS-TBN44-100,"SINE (10, 0.000000, 10.000000, 0.050000, 180)",Float,1,RO,100,,,,,,,,,,Turbine81-10,
AS-TBN44-99,"SINE (10, 0.000000, 10.000000, 0.050000, 180)",Float,1,RO,100,,,,,,,,,,Turbine81-9,
AS-TBN44-98,"SINE (10, 0.000000, 10.000000, 0.050000, 180)",Float,1,RO,100,,,,,,,,,,Turbine81-8,
AS-TBN44-97,"SINE (10, 0.000000, 10.000000, 0.050000, 180)",Float,1,RO,100,,,,,,,,,,Turbine81-7,
AS-TBN44-96,"SINE (10, 0.000000, 10.000000, 0.050000, 180)",Float,1,RO,100,,,,,,,,,,Turbine81-6,
AS-TBN44-95,"SINE (10, 0.000000, 10.000000, 0.050000, 180)",Float,1,RO,100,,,,,,,,,,Turbine81-5,
AS-TBN44-94,"SINE (10, 0.000000, 10.000000, 0.050000, 180)",Float,1,RO,100,,,,,,,,,,Turbine81-4,
AS-TBN44-93,"SINE (10, 0.000000, 10.000000, 0.050000, 180)",Float,1,RO,100,,,,,,,,,,Turbine81-3,
AS-TBN44-92,"SINE (10, 0.000000, 10.000000, 0.050000, 180)",Float,1,RO,100,,,,,,,,,,Turbine81-2,
AS-TBN44-91,"SINE (10, 0.000000, 10.000000, 0.050000, 180)",Float,1,RO,100,,,,,,,,,,Turbine82-1,
AS-TBN44-90,"SINE (10, 0.000000, 10.000000, 0.050000, 180)",Float,1,RO,100,,,,,,,,,,Turbine82-10,
AS-TBN44-89,"SINE (10, 0.000000, 10.000000, 0.050000, 180)",Float,1,RO,100,,,,,,,,,,Turbine82-9,
AS-TBN44-88,"SINE (10, 0.000000, 10.000000, 0.050000, 180)",Float,1,RO,100,,,,,,,,,,Turbine82-8,
AS-TBN44-87,"SINE (10, 0.000000, 10.000000, 0.050000, 180)",Float,1,RO,100,,,,,,,,,,Turbine82-7,
AS-TBN44-86,"SINE (10, 0.000000, 10.000000, 0.050000, 180)",Float,1,RO,100,,,,,,,,,,Turbine82-6,
AS-TBN44-85,"SINE (10, 0.000000, 10.000000, 0.050000, 180)",Float,1,RO,100,,,,,,,,,,Turbine82-5,
AS-TBN44-84,"SINE (10, 0.000000, 10.000000, 0.050000, 180)",Float,1,RO,100,,,,,,,,,,Turbine82-4,
AS-TBN44-83,"SINE (10, 0.000000, 10.000000, 0.050000, 180)",Float,1,RO,100,,,,,,,,,,Turbine82-3,
AS-TBN44-82,"SINE (10, 0.000000, 10.000000, 0.050000, 180)",Float,1,RO,100,,,,,,,,,,Turbine82-2,
AS-TBN44-81,"SINE (10, 0.000000, 10.000000, 0.050000, 180)",Float,1,RO,100,,,,,,,,,,Turbine83-1,
AS-TBN44-80,"SINE (10, 0.000000, 10.000000, 0.050000, 180)",Float,1,RO,100,,,,,,,,,,Turbine83-10,
AS-TBN44-79,"SINE (10, 0.000000, 10.000000, 0.050000, 180)",Float,1,RO,100,,,,,,,,,,Turbine83-9,
AS-TBN44-78,"SINE (10, 0.000000, 10.000000, 0.050000, 180)",Float,1,RO,100,,,,,,,,,,Turbine83-8,
AS-TBN44-77,"SINE (10, 0.000000, 10.000000, 0.050000, 180)",Float,1,RO,100,,,,,,,,,,Turbine83-7,
AS-TBN44-76,"SINE (10, 0.000000, 10.000000, 0.050000, 180)",Float,1,RO,100,,,,,,,,,,Turbine83-6,
AS-TBN44-75,"SINE (10, 0.000000, 10.000000, 0.050000, 180)",Float,1,RO,100,,,,,,,,,,Turbine83-5,
AS-TBN44-74,"SINE (10, 0.000000, 10.000000, 0.050000, 180)",Float,1,RO,100,,,,,,,,,,Turbine83-4,
AS-TBN44-73,"SINE (10, 0.000000, 10.000000, 0.050000, 180)",Float,1,RO,100,,,,,,,,,,Turbine83-3,
AS-TBN44-72,"SINE (10, 0.000000, 10.000000, 0.050000, 180)",Float,1,RO,100,,,,,,,,,,Turbine83-2,
AS-TBN44-71,"SINE (10, 0.000000, 10.000000, 0.050000, 180)",Float,1,RO,100,,,,,,,,,,Turbine84-1,
AS-TBN44-70,"SINE (10, 0.000000, 10.000000, 0.050000, 180)",Float,1,RO,100,,,,,,,,,,Turbine84-10,
AS-TBN44-69,"SINE (10, 0.000000, 10.000000, 0.050000, 180)",Float,1,RO,100,,,,,,,,,,Turbine84-9,
AS-TBN44-68,"SINE (10, 0.000000, 10.000000, 0.050000, 180)",Float,1,RO,100,,,,,,,,,,Turbine84-8,
AS-TBN44-67,"SINE (10, 0.000000, 10.000000, 0.050000, 180)",Float,1,RO,100,,,,,,,,,,Turbine84-7,
AS-TBN44-66,"SINE (10, 0.000000, 10.000000, 0.050000, 180)",Float,1,RO,100,,,,,,,,,,Turbine84-6,
AS-TBN44-65,"SINE (10, 0.000000, 10.000000, 0.050000, 180)",Float,1,RO,100,,,,,,,,,,Turbine84-5,
AS-TBN44-64,"SINE (10, 0.000000, 10.000000, 0.050000, 180)",Float,1,RO,100,,,,,,,,,,Turbine84-4,
AS-TBN44-63,"SINE (10, 0.000000, 10.000000, 0.050000, 180)",Float,1,RO,100,,,,,,,,,,Turbine84-3,
AS-TBN44-62,"SINE (10, 0.000000, 10.000000, 0.050000, 180)",Float,1,RO,100,,,,,,,,,,Turbine84-2,
AS-TBN44-61,"SINE (10, 0.000000, 10.000000, 0.050000, 180)",Float,1,RO,100,,,,,,,,,,Turbine85-1,
AS-TBN44-60,"SINE (10, 0.000000, 10.000000, 0.050000, 180)",Float,1,RO,100,,,,,,,,,,Turbine85-10,
AS-TBN44-59,"SINE (10, 0.000000, 10.000000, 0.050000, 180)",Float,1,RO,100,,,,,,,,,,Turbine85-9,
AS-TBN44-58,"SINE (10, 0.000000, 10.000000, 0.050000, 180)",Float,1,RO,100,,,,,,,,,,Turbine85-8,
AS-TBN44-57,"SINE (10, 0.000000, 10.000000, 0.050000, 180)",Float,1,RO,100,,,,,,,,,,Turbine85-7,
AS-TBN44-56,"SINE (10, 0.000000, 10.000000, 0.050000, 180)",Float,1,RO,100,,,,,,,,,,Turbine85-6,
AS-TBN44-55,"SINE (10, 0.000000, 10.000000, 0.050000, 180)",Float,1,RO,100,,,,,,,,,,Turbine85-5,
AS-TBN44-54,"SINE (10, 0.000000, 10.000000, 0.050000, 180)",Float,1,RO,100,,,,,,,,,,Turbine85-4,
AS-TBN44-53,"SINE (10, 0.000000, 10.000000, 0.050000, 180)",Float,1,RO,100,,,,,,,,,,Turbine85-3,
AS-TBN44-52,"SINE (10, 0.000000, 10.000000, 0.050000, 180)",Float,1,RO,100,,,,,,,,,,Turbine85-2,
AS-TBN44-51,"SINE (10, 0.000000, 10.000000, 0.050000, 180)",Float,1,RO,100,,,,,,,,,,Turbine86-1,
AS-TBN44-50,"SINE (10, 0.000000, 10.000000, 0.050000, 180)",Float,1,RO,100,,,,,,,,,,Turbine86-10,
AS-TBN44-49,"SINE (10, 0.000000, 10.000000, 0.050000, 180)",Float,1,RO,100,,,,,,,,,,Turbine86-9,
AS-TBN44-48,"SINE (10, 0.000000, 10.000000, 0.050000, 180)",Float,1,RO,100,,,,,,,,,,Turbine86-8,
AS-TBN44-47,"SINE (10, 0.000000, 10.000000, 0.050000, 180)",Float,1,RO,100,,,,,,,,,,Turbine86-7,
AS-TBN44-46,"SINE (10, 0.000000, 10.000000, 0.050000, 180)",Float,1,RO,100,,,,,,,,,,Turbine86-6,
AS-TBN44-45,"SINE (10, 0.000000, 10.000000, 0.050000, 180)",Float,1,RO,100,,,,,,,,,,Turbine86-5,
AS-TBN44-44,"SINE (10, 0.000000, 10.000000, 0.050000, 180)",Float,1,RO,100,,,,,,,,,,Turbine86-4,
AS-TBN44-43,"SINE (10, 0.000000, 10.000000, 0.050000, 180)",Float,1,RO,100,,,,,,,,,,Turbine86-3,
AS-TBN44-42,"SINE (10, 0.000000, 10.000000, 0.050000, 180)",Float,1,RO,100,,,,,,,,,,Turbine86-2,
AS-TBN44-41,"SINE (10, 0.000000, 10.000000, 0.050000, 180)",Float,1,RO,100,,,,,,,,,,Turbine87-1,
AS-TBN44-40,"SINE (10, 0.000000, 10.000000, 0.050000, 180)",Float,1,RO,100,,,,,,,,,,Turbine87-10,
AS-TBN44-39,"SINE (10, 0.000000, 10.000000, 0.050000, 180)",Float,1,RO,100,,,,,,,,,,Turbine87-9,
AS-TBN44-38,"SINE (10, 0.000000, 10.000000, 0.050000, 180)",Float,1,RO,100,,,,,,,,,,Turbine87-8,
AS-TBN44-37,"SINE (10, 0.000000, 10.000000, 0.050000, 180)",Float,1,RO,100,,,,,,,,,,Turbine87-7,
AS-TBN44-36,"SINE (10, 0.000000, 10.000000, 0.050000, 180)",Float,1,RO,100,,,,,,,,,,Turbine87-6,
AS-TBN44-35,"SINE (10, 0.000000, 10.000000, 0.050000, 180)",Float,1,RO,100,,,,,,,,,,Turbine87-5,
AS-TBN44-34,"SINE (10, 0.000000, 10.000000, 0.050000, 180)",Float,1,RO,100,,,,,,,,,,Turbine87-4,
AS-TBN44-33,"SINE (10, 0.000000, 10.000000, 0.050000, 180)",Float,1,RO,100,,,,,,,,,,Turbine87-3,
AS-TBN44-32,"SINE (10, 0.000000, 10.000000, 0.050000, 180)",Float,1,RO,100,,,,,,,,,,Turbine87-2,
AS-TBN44-31,"SINE (10, 0.000000, 10.000000, 0.050000, 180)",Float,1,RO,100,,,,,,,,,,Turbine88-1,
AS-TBN44-30,"SINE (10, 0.000000, 10.000000, 0.050000, 180)",Float,1,RO,100,,,,,,,,,,Turbine88-10,
AS-TBN44-29,"SINE (10, 0.000000, 10.000000, 0.050000, 180)",Float,1,RO,100,,,,,,,,,,Turbine88-9,
AS-TBN44-28,"SINE (10, 0.000000, 10.000000, 0.050000, 180)",Float,1,RO,100,,,,,,,,,,Turbine88-8,
AS-TBN44-27,"SINE (10, 0.000000, 10.000000, 0.050000, 180)",Float,1,RO,100,,,,,,,,,,Turbine88-7,
AS-TBN44-26,"SINE (10, 0.000000, 10.000000, 0.050000, 180)",Float,1,RO,100,,,,,,,,,,Turbine88-6,
AS-TBN44-25,"SINE (10, 0.000000, 10.000000, 0.050000, 180)",Float,1,RO,100,,,,,,,,,,Turbine88-5,
AS-TBN44-24,"SINE (10, 0.000000, 10.000000, 0.050000, 180)",Float,1,RO,100,,,,,,,,,,Turbine88-4,
AS-TBN44-23,"SINE (10, 0.000000, 10.000000, 0.050000, 180)",Float,1,RO,100,,,,,,,,,,Turbine88-3,
AS-TBN44-22,"SINE (10, 0.000000, 10.000000, 0.050000, 180)",Float,1,RO,100,,,,,,,,,,Turbine88-2,
AS-TBN44-21,"SINE (10, 0.000000, 10.000000, 0.050000, 180)",Float,1,RO,100,,,,,,,,,,Turbine89-1,
AS-TBN44-20,"SINE (10, 0.000000, 10.000000, 0.050000, 180)",Float,1,RO,100,,,,,,,,,,Turbine89-10,
AS-TBN44-19,"SINE (10, 0.000000, 10.000000, 0.050000, 180)",Float,1,RO,100,,,,,,,,,,Turbine89-9,
AS-TBN44-18,"SINE (10, 0.000000, 10.000000, 0.050000, 180)",Float,1,RO,100,,,,,,,,,,Turbine89-8,
AS-TBN44-17,"SINE (10, 0.000000, 10.000000, 0.050000, 180)",Float,1,RO,100,,,,,,,,,,Turbine89-7,
AS-TBN44-16,"SINE (10, 0.000000, 10.000000, 0.050000, 180)",Float,1,RO,100,,,,,,,,,,Turbine89-6,
AS-TBN44-15,"SINE (10, 0.000000, 10.000000, 0.050000, 180)",Float,1,RO,100,,,,,,,,,,Turbine89-5,
AS-TBN44-14,"SINE (10, 0.000000, 10.000000, 0.050000, 180)",Float,1,RO,100,,,,,,,,,,Turbine89-4,
AS-TBN44-13,"SINE (10, 0.000000, 10.000000, 0.050000, 180)",Float,1,RO,100,,,,,,,,,,Turbine89-3,
AS-TBN44-12,"SINE (10, 0.000000, 10.000000, 0.050000, 180)",Float,1,RO,100,,,,,,,,,,Turbine89-2,
AS-TBN44-11,"SINE (10, 0.000000, 10.000000, 0.050000, 180)",Float,1,RO,100,,,,,,,,,,Turbine9-1,
AS-TBN44-10,"SINE (10, 0.000000, 10.000000, 0.050000, 180)",Float,1,RO,100,,,,,,,,,,Turbine9-2,
AS-TBN44-9,"SINE (10, 0.000000, 10.000000, 0.050000, 180)",Float,1,RO,100,,,,,,,,,,Turbine9-3,
AS-TBN44-8,"SINE (10, 0.000000, 10.000000, 0.050000, 180)",Float,1,RO,100,,,,,,,,,,Turbine9-4,
AS-TBN44-7,"SINE (10, 0.000000, 10.000000, 0.050000, 180)",Float,1,RO,100,,,,,,,,,,Turbine9-5,
AS-TBN44-6,"SINE (10, 0.000000, 10.000000, 0.050000, 180)",Float,1,RO,100,,,,,,,,,,Turbine9-6,
AS-TBN44-5,"SINE (10, 0.000000, 10.000000, 0.050000, 180)",Float,1,RO,100,,,,,,,,,,Turbine9-7,
AS-TBN44-4,"SINE (10, 0.000000, 10.000000, 0.050000, 180)",Float,1,RO,100,,,,,,,,,,Turbine9-8,
AS-TBN44-3,"SINE (10, 0.000000, 10.000000, 0.050000, 180)",Float,1,RO,100,,,,,,,,,,Turbine9-9,
AS-TBN44-2,"SINE (10, 0.000000, 10.000000, 0.050000, 180)",Float,1,RO,100,,,,,,,,,,Turbine9-10,
AS-TBN45-1,"SINE (10, 0.000000, 10.000000, 0.050000, 180)",Float,1,RO,100,,,,,,,,,,Turbine90-1,
AS-TBN45-100,"SINE (10, 0.000000, 10.000000, 0.050000, 180)",Float,1,RO,100,,,,,,,,,,Turbine90-10,
AS-TBN45-99,"SINE (10, 0.000000, 10.000000, 0.050000, 180)",Float,1,RO,100,,,,,,,,,,Turbine90-9,
AS-TBN45-98,"SINE (10, 0.000000, 10.000000, 0.050000, 180)",Float,1,RO,100,,,,,,,,,,Turbine90-8,
AS-TBN45-97,"SINE (10, 0.000000, 10.000000, 0.050000, 180)",Float,1,RO,100,,,,,,,,,,Turbine90-7,
AS-TBN45-96,"SINE (10, 0.000000, 10.000000, 0.050000, 180)",Float,1,RO,100,,,,,,,,,,Turbine90-6,
AS-TBN45-95,"SINE (10, 0.000000, 10.000000, 0.050000, 180)",Float,1,RO,100,,,,,,,,,,Turbine90-5,
AS-TBN45-94,"SINE (10, 0.000000, 10.000000, 0.050000, 180)",Float,1,RO,100,,,,,,,,,,Turbine90-4,
AS-TBN45-93,"SINE (10, 0.000000, 10.000000, 0.050000, 180)",Float,1,RO,100,,,,,,,,,,Turbine90-3,
AS-TBN45-92,"SINE (10, 0.000000, 10.000000, 0.050000, 180)",Float,1,RO,100,,,,,,,,,,Turbine90-2,
AS-TBN45-91,"SINE (10, 0.000000, 10.000000, 0.050000, 180)",Float,1,RO,100,,,,,,,,,,Turbine91-1,
AS-TBN45-90,"SINE (10, 0.000000, 10.000000, 0.050000, 180)",Float,1,RO,100,,,,,,,,,,Turbine91-10,
AS-TBN45-89,"SINE (10, 0.000000, 10.000000, 0.050000, 180)",Float,1,RO,100,,,,,,,,,,Turbine91-9,
AS-TBN45-88,"SINE (10, 0.000000, 10.000000, 0.050000, 180)",Float,1,RO,100,,,,,,,,,,Turbine91-8,
AS-TBN45-87,"SINE (10, 0.000000, 10.000000, 0.050000, 180)",Float,1,RO,100,,,,,,,,,,Turbine91-7,
AS-TBN45-86,"SINE (10, 0.000000, 10.000000, 0.050000, 180)",Float,1,RO,100,,,,,,,,,,Turbine91-6,
AS-TBN45-85,"SINE (10, 0.000000, 10.000000, 0.050000, 180)",Float,1,RO,100,,,,,,,,,,Turbine91-5,
AS-TBN45-84,"SINE (10, 0.000000, 10.000000, 0.050000, 180)",Float,1,RO,100,,,,,,,,,,Turbine91-4,
AS-TBN45-83,"SINE (10, 0.000000, 10.000000, 0.050000, 180)",Float,1,RO,100,,,,,,,,,,Turbine91-3,
AS-TBN45-82,"SINE (10, 0.000000, 10.000000, 0.050000, 180)",Float,1,RO,100,,,,,,,,,,Turbine91-2,
AS-TBN45-81,"SINE (10, 0.000000, 10.000000, 0.050000, 180)",Float,1,RO,100,,,,,,,,,,Turbine92-1,
AS-TBN45-80,"SINE (10, 0.000000, 10.000000, 0.050000, 180)",Float,1,RO,100,,,,,,,,,,Turbine92-10,
AS-TBN45-79,"SINE (10, 0.000000, 10.000000, 0.050000, 180)",Float,1,RO,100,,,,,,,,,,Turbine92-9,
AS-TBN45-78,"SINE (10, 0.000000, 10.000000, 0.050000, 180)",Float,1,RO,100,,,,,,,,,,Turbine92-8,
AS-TBN45-77,"SINE (10, 0.000000, 10.000000, 0.050000, 180)",Float,1,RO,100,,,,,,,,,,Turbine92-7,
AS-TBN45-76,"SINE (10, 0.000000, 10.000000, 0.050000, 180)",Float,1,RO,100,,,,,,,,,,Turbine92-6,
AS-TBN45-75,"SINE (10, 0.000000, 10.000000, 0.050000, 180)",Float,1,RO,100,,,,,,,,,,Turbine92-5,
AS-TBN45-74,"SINE (10, 0.000000, 10.000000, 0.050000, 180)",Float,1,RO,100,,,,,,,,,,Turbine92-4,
AS-TBN45-73,"SINE (10, 0.000000, 10.000000, 0.050000, 180)",Float,1,RO,100,,,,,,,,,,Turbine92-3,
AS-TBN45-72,"SINE (10, 0.000000, 10.000000, 0.050000, 180)",Float,1,RO,100,,,,,,,,,,Turbine92-2,
AS-TBN45-71,"SINE (10, 0.000000, 10.000000, 0.050000, 180)",Float,1,RO,100,,,,,,,,,,Turbine93-1,
AS-TBN45-70,"SINE (10, 0.000000, 10.000000, 0.050000, 180)",Float,1,RO,100,,,,,,,,,,Turbine93-10,
AS-TBN45-69,"SINE (10, 0.000000, 10.000000, 0.050000, 180)",Float,1,RO,100,,,,,,,,,,Turbine93-9,
AS-TBN45-68,"SINE (10, 0.000000, 10.000000, 0.050000, 180)",Float,1,RO,100,,,,,,,,,,Turbine93-8,
AS-TBN45-67,"SINE (10, 0.000000, 10.000000, 0.050000, 180)",Float,1,RO,100,,,,,,,,,,Turbine93-7,
AS-TBN45-66,"SINE (10, 0.000000, 10.000000, 0.050000, 180)",Float,1,RO,100,,,,,,,,,,Turbine93-6,
AS-TBN45-65,"SINE (10, 0.000000, 10.000000, 0.050000, 180)",Float,1,RO,100,,,,,,,,,,Turbine93-5,
AS-TBN45-64,"SINE (10, 0.000000, 10.000000, 0.050000, 180)",Float,1,RO,100,,,,,,,,,,Turbine93-4,
AS-TBN45-63,"SINE (10, 0.000000, 10.000000, 0.050000, 180)",Float,1,RO,100,,,,,,,,,,Turbine93-3,
AS-TBN45-62,"SINE (10, 0.000000, 10.000000, 0.050000, 180)",Float,1,RO,100,,,,,,,,,,Turbine93-2,
AS-TBN45-61,"SINE (10, 0.000000, 10.000000, 0.050000, 180)",Float,1,RO,100,,,,,,,,,,Turbine94-1,
AS-TBN45-60,"SINE (10, 0.000000, 10.000000, 0.050000, 180)",Float,1,RO,100,,,,,,,,,,Turbine94-10,
AS-TBN45-59,"SINE (10, 0.000000, 10.000000, 0.050000, 180)",Float,1,RO,100,,,,,,,,,,Turbine94-9,
AS-TBN45-58,"SINE (10, 0.000000, 10.000000, 0.050000, 180)",Float,1,RO,100,,,,,,,,,,Turbine94-8,
AS-TBN45-57,"SINE (10, 0.000000, 10.000000, 0.050000, 180)",Float,1,RO,100,,,,,,,,,,Turbine94-7,
AS-TBN45-56,"SINE (10, 0.000000, 10.000000, 0.050000, 180)",Float,1,RO,100,,,,,,,,,,Turbine94-6,
AS-TBN45-55,"SINE (10, 0.000000, 10.000000, 0.050000, 180)",Float,1,RO,100,,,,,,,,,,Turbine94-5,
AS-TBN45-54,"SINE (10, 0.000000, 10.000000, 0.050000, 180)",Float,1,RO,100,,,,,,,,,,Turbine94-4,
AS-TBN45-53,"SINE (10, 0.000000, 10.000000, 0.050000, 180)",Float,1,RO,100,,,,,,,,,,Turbine94-3,
AS-TBN45-52,"SINE (10, 0.000000, 10.000000, 0.050000, 180)",Float,1,RO,100,,,,,,,,,,Turbine94-2,
AS-TBN45-51,"SINE (10, 0.000000, 10.000000, 0.050000, 180)",Float,1,RO,100,,,,,,,,,,Turbine95-1,
AS-TBN45-50,"SINE (10, 0.000000, 10.000000, 0.050000, 180)",Float,1,RO,100,,,,,,,,,,Turbine95-10,
AS-TBN45-49,"SINE (10, 0.000000, 10.000000, 0.050000, 180)",Float,1,RO,100,,,,,,,,,,Turbine95-9,
AS-TBN45-48,"SINE (10, 0.000000, 10.000000, 0.050000, 180)",Float,1,RO,100,,,,,,,,,,Turbine95-8,
AS-TBN45-47,"SINE (10, 0.000000, 10.000000, 0.050000, 180)",Float,1,RO,100,,,,,,,,,,Turbine95-7,
AS-TBN45-46,"SINE (10, 0.000000, 10.000000, 0.050000, 180)",Float,1,RO,100,,,,,,,,,,Turbine95-6,
AS-TBN45-45,"SINE (10, 0.000000, 10.000000, 0.050000, 180)",Float,1,RO,100,,,,,,,,,,Turbine95-5,
AS-TBN45-44,"SINE (10, 0.000000, 10.000000, 0.050000, 180)",Float,1,RO,100,,,,,,,,,,Turbine95-4,
AS-TBN45-43,"SINE (10, 0.000000, 10.000000, 0.050000, 180)",Float,1,RO,100,,,,,,,,,,Turbine95-3,
AS-TBN45-42,"SINE (10, 0.000000, 10.000000, 0.050000, 180)",Float,1,RO,100,,,,,,,,,,Turbine95-2,
AS-TBN45-41,"SINE (10, 0.000000, 10.000000, 0.050000, 180)",Float,1,RO,100,,,,,,,,,,Turbine96-3,
AS-TBN45-40,"SINE (10, 0.000000, 10.000000, 0.050000, 180)",Float,1,RO,100,,,,,,,,,,Turbine96-2,
AS-TBN45-39,"SINE (10, 0.000000, 10.000000, 0.050000, 180)",Float,1,RO,100,,,,,,,,,,Turbine96-1,
AS-TBN45-38,"SINE (10, 0.000000, 10.000000, 0.050000, 180)",Float,1,RO,100,,,,,,,,,,Turbine96-4,
AS-TBN45-37,"SINE (10, 0.000000, 10.000000, 0.050000, 180)",Float,1,RO,100,,,,,,,,,,Turbine96-5,
AS-TBN45-36,"SINE (10, 0.000000, 10.000000, 0.050000, 180)",Float,1,RO,100,,,,,,,,,,Turbine96-6,
AS-TBN45-35,"SINE (10, 0.000000, 10.000000, 0.050000, 180)",Float,1,RO,100,,,,,,,,,,Turbine96-7,
AS-TBN45-34,"SINE (10, 0.000000, 10.000000, 0.050000, 180)",Float,1,RO,100,,,,,,,,,,Turbine96-8,
AS-TBN45-33,"SINE (10, 0.000000, 10.000000, 0.050000, 180)",Float,1,RO,100,,,,,,,,,,Turbine96-9,
AS-TBN45-32,"SINE (10, 0.000000, 10.000000, 0.050000, 180)",Float,1,RO,100,,,,,,,,,,Turbine96-10,
AS-TBN45-31,"SINE (10, 0.000000, 10.000000, 0.050000, 180)",Float,1,RO,100,,,,,,,,,,Turbine97-1,
AS-TBN45-30,"SINE (10, 0.000000, 10.000000, 0.050000, 180)",Float,1,RO,100,,,,,,,,,,Turbine97-2,
AS-TBN45-29,"SINE (10, 0.000000, 10.000000, 0.050000, 180)",Float,1,RO,100,,,,,,,,,,Turbine97-3,
AS-TBN45-28,"SINE (10, 0.000000, 10.000000, 0.050000, 180)",Float,1,RO,100,,,,,,,,,,Turbine97-4,
AS-TBN45-27,"SINE (10, 0.000000, 10.000000, 0.050000, 180)",Float,1,RO,100,,,,,,,,,,Turbine97-5,
AS-TBN45-26,"SINE (10, 0.000000, 10.000000, 0.050000, 180)",Float,1,RO,100,,,,,,,,,,Turbine97-6,
AS-TBN45-25,"SINE (10, 0.000000, 10.000000, 0.050000, 180)",Float,1,RO,100,,,,,,,,,,Turbine97-7,
AS-TBN45-24,"SINE (10, 0.000000, 10.000000, 0.050000, 180)",Float,1,RO,100,,,,,,,,,,Turbine97-8,
AS-TBN45-23,"SINE (10, 0.000000, 10.000000, 0.050000, 180)",Float,1,RO,100,,,,,,,,,,Turbine97-9,
AS-TBN45-22,"SINE (10, 0.000000, 10.000000, 0.050000, 180)",Float,1,RO,100,,,,,,,,,,Turbine97-10,
AS-TBN45-21,"SINE (10, 0.000000, 10.000000, 0.050000, 180)",Float,1,RO,100,,,,,,,,,,Turbine98-1,
AS-TBN45-20,"SINE (10, 0.000000, 10.000000, 0.050000, 180)",Float,1,RO,100,,,,,,,,,,Turbine98-2,
AS-TBN45-19,"SINE (10, 0.000000, 10.000000, 0.050000, 180)",Float,1,RO,100,,,,,,,,,,Turbine98-3,
AS-TBN45-18,"SINE (10, 0.000000, 10.000000, 0.050000, 180)",Float,1,RO,100,,,,,,,,,,Turbine98-4,
AS-TBN45-17,"SINE (10, 0.000000, 10.000000, 0.050000, 180)",Float,1,RO,100,,,,,,,,,,Turbine98-5,
AS-TBN45-16,"SINE (10, 0.000000, 10.000000, 0.050000, 180)",Float,1,RO,100,,,,,,,,,,Turbine98-6,
AS-TBN45-15,"SINE (10, 0.000000, 10.000000, 0.050000, 180)",Float,1,RO,100,,,,,,,,,,Turbine98-7,
AS-TBN45-14,"SINE (10, 0.000000, 10.000000, 0.050000, 180)",Float,1,RO,100,,,,,,,,,,Turbine98-8,
AS-TBN45-13,"SINE (10, 0.000000, 10.000000, 0.050000, 180)",Float,1,RO,100,,,,,,,,,,Turbine98-9,
AS-TBN45-12,"SINE (10, 0.000000, 10.000000, 0.050000, 180)",Float,1,RO,100,,,,,,,,,,Turbine98-10,
AS-TBN45-11,"SINE (10, 0.000000, 10.000000, 0.050000, 180)",Float,1,RO,100,,,,,,,,,,Turbine99-1,
AS-TBN45-10,"SINE (10, 0.000000, 10.000000, 0.050000, 180)",Float,1,RO,100,,,,,,,,,,Turbine99-2,
AS-TBN45-9,"SINE (10, 0.000000, 10.000000, 0.050000, 180)",Float,1,RO,100,,,,,,,,,,Turbine99-3,
AS-TBN45-8,"SINE (10, 0.000000, 10.000000, 0.050000, 180)",Float,1,RO,100,,,,,,,,,,Turbine99-4,
AS-TBN45-7,"SINE (10, 0.000000, 10.000000, 0.050000, 180)",Float,1,RO,100,,,,,,,,,,Turbine99-5,
AS-TBN45-6,"SINE (10, 0.000000, 10.000000, 0.050000, 180)",Float,1,RO,100,,,,,,,,,,Turbine99-6,
AS-TBN45-5,"SINE (10, 0.000000, 10.000000, 0.050000, 180)",Float,1,RO,100,,,,,,,,,,Turbine99-7,
AS-TBN45-4,"SINE (10, 0.000000, 10.000000, 0.050000, 180)",Float,1,RO,100,,,,,,,,,,Turbine99-8,
AS-TBN45-3,"SINE (10, 0.000000, 10.000000, 0.050000, 180)",Float,1,RO,100,,,,,,,,,,Turbine99-9,
AS-TBN45-2,"SINE (10, 0.000000, 10.000000, 0.050000, 180)",Float,1,RO,100,,,,,,,,,,Turbine99-10,
